s,1,2,3,4,5,6,7,8,9,10,11,12,13,14,15,16,17,18,19,20,21,22,23,24,25,26,27,28,29,30,31,32,33,34,35,36,37,38,39,40,41,42,43,44,45,46,47,48,49,50
100,2.070069,1.620054,1.530051,1.710057,1.170039,1.710057,1.710057,1.620054,1.980066,1.350045,1.710057,1.350045,1.620054,1.620054,1.710057,1.890063,1.350045,1.620054,1.980066,1.530051,1.530051,1.890063,1.440048,1.620054,1.260042,1.620054,1.440048,1.80006,1.440048,1.80006,1.620054,1.530051,1.440048,1.440048,1.620054,1.440048,1.710057,1.440048,1.710057,1.530051,1.530051,1.980066,1.80006,1.530051,1.710057,1.170039,1.80006,2.160072,1.530051,1.530051
200,1.620054,1.80006,1.440048,1.6650555,1.5750525,1.620054,1.5750525,1.80006,1.6650555,1.440048,1.80006,1.620054,1.620054,1.3950465,1.80006,1.8450615,1.5750525,1.530051,1.3050435,1.8450615,1.620054,1.440048,1.440048,1.3050435,1.3950465,1.620054,1.5750525,1.6650555,1.6650555,1.350045,1.350045,1.530051,1.5750525,1.7550585,1.710057,1.9350645,1.440048,1.3950465,1.620054,1.530051,1.3050435,1.440048,1.7550585,1.4850495,1.4850495,1.440048,1.440048,1.710057,1.8450615,1.6650555
300,1.560052,1.710057,1.620054,1.620054,1.560052,1.650055,1.470049,1.410047,1.410047,1.650055,1.560052,1.710057,1.50005,1.80006,1.620054,1.470049,1.80006,1.710057,1.440048,1.470049,1.350045,1.950065,1.680056,1.650055,1.530051,1.80006,1.470049,1.650055,1.590053,1.590053,1.50005,1.560052,1.680056,1.680056,1.380046,1.680056,1.50005,1.620054,1.470049,1.470049,1.620054,1.620054,1.680056,1.50005,1.350045,1.590053,1.770059,1.650055,1.470049,1.860062
400,1.5750525,1.41754725,1.440048,1.6650555,1.55255175,1.77755925,1.46254875,1.68755625,1.55255175,1.55255175,1.530051,1.3950465,1.55255175,1.710057,1.530051,1.59755325,1.64255475,1.6650555,1.55255175,1.710057,1.50755025,1.350045,1.50755025,1.5750525,1.77755925,1.5750525,1.710057,1.4850495,1.5750525,1.64255475,1.5750525,1.59755325,1.3950465,1.50755025,1.59755325,1.59755325,1.64255475,1.440048,1.55255175,1.7550585,1.4850495,1.55255175,1.6650555,1.46254875,1.37254575,1.440048,1.86756225,1.7550585,1.73255775,1.7550585
500,1.6740558,1.6920564,1.7460582,1.710057,1.7460582,1.530051,1.6020534,1.710057,1.6380546,1.5660522,1.7820594,1.6020534,1.7280576,1.8180606,1.6560552,1.6740558,1.4580486,1.530051,1.4580486,1.4580486,1.6560552,1.3320444,1.5660522,1.6920564,1.6380546,1.5660522,1.80006,1.6560552,1.5660522,1.6380546,1.5840528,1.530051,1.6020534,1.5660522,1.6020534,1.4220474,1.5480516,1.4040468,1.620054,1.5660522,1.3680456,1.5840528,1.4940498,1.620054,1.710057,1.5840528,1.6740558,1.5840528,1.80006,1.4220474
600,1.20004,1.6650555,1.6950565,1.620054,1.4850495,1.6650555,1.620054,1.5450515,1.5450515,1.470049,1.650055,1.740058,1.560052,1.530051,1.6050535,1.6950565,1.50005,1.6950565,1.7550585,1.6650555,1.620054,1.560052,1.6050535,1.4850495,1.50005,1.620054,1.650055,1.5450515,1.440048,1.6350545,1.710057,1.7250575,1.620054,1.4550485,1.6350545,1.860062,1.6350545,1.6650555,1.4850495,1.5450515,1.5150505,1.6050535,1.50005,1.650055,1.5750525,1.6650555,1.5450515,1.560052,1.5150505,1.590053
700,1.530051,1.671484286,1.581481286,1.491478286,1.671484286,1.607196429,1.581481286,1.517193429,1.594338857,1.517193429,1.465763143,1.517193429,1.517193429,1.542908571,1.620054,1.542908571,1.568623714,1.542908571,1.658626714,1.517193429,1.607196429,1.594338857,1.465763143,1.401475286,1.414332857,1.581481286,1.581481286,1.504335857,1.491478286,1.581481286,1.684341857,1.594338857,1.350045,1.787202429,1.504335857,1.671484286,1.427190429,1.581481286,1.722914571,1.761487286,1.581481286,1.478620714,1.581481286,1.658626714,1.761487286,1.568623714,1.658626714,1.568623714,1.607196429,1.697199429
800,1.4850495,1.451298375,1.620054,1.541301375,1.541301375,1.46254875,1.6650555,1.473799125,1.440048,1.743808125,1.55255175,1.68755625,1.5750525,1.608803625,1.631304375,1.59755325,1.451298375,1.608803625,1.586302875,1.473799125,1.338794625,1.64255475,1.428797625,1.55255175,1.541301375,1.608803625,1.68755625,1.530051,1.59755325,1.440048,1.41754725,1.530051,1.620054,1.59755325,1.7550585,1.6650555,1.68755625,1.530051,1.563802125,1.541301375,1.653805125,1.428797625,1.631304375,1.608803625,1.59755325,1.608803625,1.653805125,1.631304375,1.541301375,1.4850495
900,1.510050333,1.670055667,1.470049,1.630054333,1.650055,1.640054667,1.710057,1.750058333,1.690056333,1.510050333,1.490049667,1.520050667,1.670055667,1.670055667,1.650055,1.510050333,1.520050667,1.570052333,1.540051333,1.670055667,1.620054,1.610053667,1.600053333,1.50005,1.660055333,1.610053667,1.580052667,1.610053667,1.660055333,1.510050333,1.560052,1.580052667,1.690056333,1.650055,1.580052667,1.530051,1.630054333,1.470049,1.650055,1.50005,1.530051,1.590053,1.600053333,1.700056667,1.530051,1.530051,1.650055,1.530051,1.590053,1.50005
1000,1.6560552,1.4580486,1.6470549,1.6560552,1.6020534,1.5390513,1.5570519,1.5840528,1.6920564,1.6740558,1.5930531,1.5840528,1.6470549,1.5750525,1.5660522,1.6740558,1.5570519,1.5120504,1.6830561,1.6920564,1.5480516,1.6020534,1.6920564,1.6020534,1.6290543,1.5840528,1.5570519,1.7550585,1.5840528,1.6380546,1.6110537,1.6380546,1.5750525,1.6470549,1.6290543,1.5660522,1.6380546,1.5660522,1.4490483,1.7010567,1.5210507,1.5390513,1.5390513,1.6560552,1.5840528,1.6380546,1.6740558,1.6020534,1.5930531,1.5930531
1100,1.628236091,1.562779364,1.587325636,1.644600273,1.579143545,1.620054,1.759149545,1.644600273,1.521868909,1.587325636,1.693692818,1.620054,1.603689818,1.530051,1.464594273,1.530051,1.644600273,1.538233091,1.685510727,1.489140545,1.660964455,1.538233091,1.562779364,1.628236091,1.562779364,1.587325636,1.669146545,1.726421182,1.636418182,1.440048,1.579143545,1.652782364,1.669146545,1.562779364,1.611871909,1.620054,1.636418182,1.603689818,1.513686818,1.579143545,1.570961455,1.742785364,1.480958455,1.521868909,1.677328636,1.620054,1.685510727,1.554597273,1.489140545,1.546415182
1200,1.44754825,1.38754625,1.6350545,1.5750525,1.560052,1.5450515,1.620054,1.4850495,1.6050535,1.590053,1.56755225,1.67255575,1.5750525,1.68755625,1.68755625,1.56755225,1.5750525,1.410047,1.5450515,1.530051,1.680056,1.58255275,1.70255675,1.5450515,1.6050535,1.65755525,1.65755525,1.6050535,1.590053,1.5450515,1.67255575,1.410047,1.620054,1.560052,1.5750525,1.5450515,1.65755525,1.650055,1.620054,1.64255475,1.52255075,1.5450515,1.6950565,1.62755425,1.56755225,1.50755025,1.6050535,1.55255175,1.560052,1.50005
1300,1.640823923,1.585437462,1.536974308,1.592360769,1.578514154,1.613130692,1.398508154,1.578514154,1.557744231,1.592360769,1.585437462,1.550820923,1.578514154,1.613130692,1.703133692,1.626977308,1.647747231,1.633900615,1.668517154,1.585437462,1.633900615,1.620054,1.633900615,1.564667538,1.696210385,1.502357769,1.509281077,1.536974308,1.661593846,1.640823923,1.613130692,1.592360769,1.613130692,1.710057,1.592360769,1.654670538,1.696210385,1.626977308,1.675440462,1.806983308,1.495434462,1.557744231,1.523127692,1.578514154,1.689287077,1.744673538,1.689287077,1.592360769,1.647747231,1.626977308
1400,1.607196429,1.645769143,1.626482786,1.6650555,1.510764643,1.549337357,1.639340357,1.658626714,1.587910071,1.600767643,1.5750525,1.530051,1.478620714,1.562194929,1.632911571,1.639340357,1.639340357,1.549337357,1.530051,1.607196429,1.690770643,1.639340357,1.632911571,1.536479786,1.562194929,1.6650555,1.549337357,1.684341857,1.568623714,1.6650555,1.568623714,1.594338857,1.652197929,1.452905571,1.4850495,1.613625214,1.536479786,1.620054,1.639340357,1.703628214,1.632911571,1.536479786,1.594338857,1.491478286,1.620054,1.722914571,1.530051,1.510764643,1.626482786,1.510764643
1500,1.6080536,1.6260542,1.6140538,1.6260542,1.6140538,1.5120504,1.590053,1.5960532,1.4880496,1.6260542,1.5840528,1.590053,1.560052,1.4760492,1.5780526,1.6020534,1.620054,1.650055,1.6680556,1.590053,1.620054,1.6740558,1.5480516,1.6560552,1.6560552,1.5960532,1.7880596,1.560052,1.6560552,1.5660522,1.6140538,1.6140538,1.6440548,1.5360512,1.6020534,1.5120504,1.5480516,1.6320544,1.6080536,1.650055,1.590053,1.5720524,1.5480516,1.6620554,1.5660522,1.530051,1.6440548,1.5780526,1.6320544,1.6260542
1600,1.535676187,1.648179938,1.59755325,1.625679187,1.636929562,1.5750525,1.670680687,1.569427312,1.445673188,1.580677688,1.749433313,1.603178437,1.614428813,1.586302875,1.659430312,1.715682188,1.4850495,1.591928062,1.530051,1.490674687,1.535676187,1.653805125,1.541301375,1.591928062,1.591928062,1.59755325,1.59755325,1.563802125,1.591928062,1.59755325,1.580677688,1.6650555,1.530051,1.608803625,1.620054,1.614428813,1.513175438,1.5750525,1.59755325,1.693181437,1.55255175,1.569427312,1.603178437,1.591928062,1.5750525,1.5750525,1.513175438,1.614428813,1.64255475,1.620054
1700,1.646525471,1.635936882,1.508873824,1.598876824,1.545933882,1.540639588,1.625348294,1.540639588,1.672996941,1.588288235,1.630642588,1.567111059,1.514168118,1.662408353,1.609465412,1.614759706,1.561816765,1.672996941,1.514168118,1.567111059,1.598876824,1.725939882,1.635936882,1.477108059,1.598876824,1.535345294,1.614759706,1.588288235,1.625348294,1.535345294,1.588288235,1.662408353,1.492990941,1.492990941,1.519462412,1.662408353,1.667702647,1.609465412,1.524756706,1.582993941,1.540639588,1.657114059,1.545933882,1.582993941,1.556522471,1.683585529,1.551228176,1.662408353,1.588288235,1.604171118
1800,1.525050833,1.690056333,1.6050535,1.5750525,1.6950565,1.520050667,1.555051833,1.560052,1.680056,1.590053,1.585052833,1.550051667,1.530051,1.595053167,1.595053167,1.585052833,1.560052,1.565052167,1.460048667,1.525050833,1.595053167,1.615053833,1.585052833,1.550051667,1.640054667,1.560052,1.525050833,1.640054667,1.705056833,1.525050833,1.520050667,1.555051833,1.660055333,1.580052667,1.615053833,1.490049667,1.490049667,1.595053167,1.525050833,1.600053333,1.565052167,1.600053333,1.5450515,1.610053667,1.570052333,1.640054667,1.540051333,1.620054,1.645054833,1.580052667
1900,1.61058,1.591632,1.506366,1.558473,1.601106,1.530051,1.601106,1.572684,1.639002,1.530051,1.572684,1.558473,1.639002,1.591632,1.558473,1.620054,1.686372,1.534788,1.61058,1.577421,1.548999,1.591632,1.567947,1.662687,1.70532,1.781112,1.586895,1.548999,1.591632,1.586895,1.672161,1.634265,1.496892,1.691109,1.558473,1.591632,1.577421,1.586895,1.506366,1.61058,1.676898,1.577421,1.511103,1.601106,1.582158,1.56321,1.629528,1.601106,1.530051,1.582158
2000,1.52555085,1.6290543,1.60655355,1.62455415,1.620054,1.6920564,1.64255475,1.55255175,1.54355145,1.59755325,1.61555385,1.6290543,1.47154905,1.58855295,1.63355445,1.5750525,1.6110537,1.55255175,1.66955565,1.5840528,1.58855295,1.530051,1.6380546,1.6560552,1.5840528,1.5480516,1.6740558,1.57055235,1.6290543,1.5390513,1.57055235,1.6290543,1.55255175,1.61555385,1.530051,1.6560552,1.57055235,1.5120504,1.40854695,1.5840528,1.6650555,1.6110537,1.4940498,1.75055835,1.4130471,1.620054,1.57955265,1.58855295,1.6830561,1.54355145
2100,1.534336857,1.534336857,1.594338857,1.564337857,1.650055,1.598624714,1.474334857,1.637197429,1.650055,1.530051,1.577195429,1.530051,1.564337857,1.598624714,1.594338857,1.542908571,1.620054,1.551480286,1.637197429,1.572909571,1.560052,1.542908571,1.530051,1.577195429,1.491478286,1.491478286,1.551480286,1.675770143,1.620054,1.547194429,1.512907571,1.585767143,1.508621714,1.568623714,1.517193429,1.487192429,1.637197429,1.577195429,1.620054,1.568623714,1.632911571,1.521479286,1.607196429,1.577195429,1.671484286,1.607196429,1.650055,1.517193429,1.547194429,1.452905571
2200,1.530051,1.570961455,1.558688318,1.538233091,1.538233091,1.583234591,1.595507727,1.587325636,1.591416682,1.624145045,1.660964455,1.554597273,1.570961455,1.595507727,1.599598773,1.570961455,1.628236091,1.554597273,1.705965955,1.673237591,1.640509227,1.591416682,1.534142045,1.632327136,1.542324136,1.534142045,1.656873409,1.554597273,1.562779364,1.611871909,1.505504727,1.562779364,1.611871909,1.615962955,1.591416682,1.546415182,1.5750525,1.5750525,1.652782364,1.636418182,1.538233091,1.550506227,1.628236091,1.538233091,1.480958455,1.632327136,1.525959955,1.546415182,1.624145045,1.591416682
2300,1.506571957,1.584835435,1.588748609,1.565269565,1.537877348,1.541790522,1.608314478,1.545703696,1.721796522,1.541790522,1.573095913,1.643533043,1.620054,1.577009087,1.663098913,1.678751609,1.608314478,1.686577957,1.60048813,1.620054,1.569182739,1.620054,1.596574957,1.725709696,1.612227652,1.557443217,1.596574957,1.502658783,1.60048813,1.623967174,1.526137826,1.631793522,1.545703696,1.623967174,1.561356391,1.584835435,1.63961987,1.604401304,1.616140826,1.541790522,1.647446217,1.537877348,1.573095913,1.631793522,1.45961387,1.670925261,1.604401304,1.651359391,1.663098913,1.596574957
2400,1.616303875,1.62755425,1.548801625,1.6650555,1.668805625,1.680056,1.638804625,1.578802625,1.68755625,1.58255275,1.578802625,1.55255175,1.593803125,1.616303875,1.6350545,1.740058,1.601303375,1.541301375,1.586302875,1.631304375,1.586302875,1.676305875,1.50755025,1.548801625,1.6650555,1.6050535,1.560052,1.560052,1.616303875,1.661305375,1.6650555,1.601303375,1.59755325,1.53755125,1.55255175,1.571302375,1.616303875,1.563802125,1.740058,1.586302875,1.55255175,1.608803625,1.616303875,1.53755125,1.563802125,1.698806625,1.55255175,1.55255175,1.6650555,1.533801125
2500,1.5840528,1.55165172,1.55165172,1.60925364,1.58765292,1.5840528,1.5840528,1.59485316,1.64525484,1.55165172,1.61645388,1.53365112,1.62365412,1.56965232,1.6020534,1.65245508,1.5480516,1.6380546,1.62725424,1.54445148,1.63445448,1.63085436,1.50845028,1.620054,1.64165472,1.63085436,1.58765292,1.54085136,1.5120504,1.52285076,1.59845328,1.59845328,1.56245208,1.5120504,1.6380546,1.67045568,1.6380546,1.620054,1.55165172,1.53365112,1.48324944,1.59125304,1.55165172,1.5840528,1.56965232,1.59125304,1.54085136,1.5840528,1.4940498,1.64525484
2600,1.554282577,1.554282577,1.536974308,1.606207385,1.5750525,1.526589346,1.571590846,1.533512654,1.568129192,1.571590846,1.706595346,1.561205885,1.658132192,1.727365269,1.495434462,1.606207385,1.609669038,1.557744231,1.609669038,1.571590846,1.675440462,1.478126192,1.661593846,1.592360769,1.578514154,1.613130692,1.602745731,1.585437462,1.536974308,1.606207385,1.644285577,1.592360769,1.568129192,1.609669038,1.661593846,1.606207385,1.540435962,1.602745731,1.595822423,1.730826923,1.547359269,1.623515654,1.557744231,1.571590846,1.519666038,1.578514154,1.564667538,1.543897615,1.599284077,1.536974308
2700,1.613387111,1.563385444,1.573385778,1.556718556,1.610053667,1.596719889,1.593386444,1.603386778,1.520050667,1.590053,1.596719889,1.633387778,1.540051333,1.616720556,1.520050667,1.580052667,1.606720222,1.596719889,1.690056333,1.603386778,1.583386111,1.493383111,1.586719556,1.610053667,1.636721222,1.566718889,1.656721889,1.590053,1.633387778,1.593386444,1.596719889,1.606720222,1.583386111,1.630054333,1.570052333,1.616720556,1.556718556,1.580052667,1.553385111,1.666722222,1.596719889,1.580052667,1.583386111,1.603386778,1.603386778,1.580052667,1.496716556,1.630054333,1.556718556,1.546718222
2800,1.584695679,1.504335857,1.533265393,1.594338857,1.64255475,1.607196429,1.636125964,1.632911571,1.623268393,1.620054,1.591124464,1.652197929,1.594338857,1.613625214,1.55255175,1.587910071,1.591124464,1.636125964,1.64255475,1.542908571,1.626482786,1.55255175,1.558980536,1.607196429,1.610410821,1.616839607,1.610410821,1.613625214,1.571838107,1.558980536,1.549337357,1.607196429,1.549337357,1.558980536,1.549337357,1.626482786,1.607196429,1.513979036,1.59755325,1.629697179,1.581481286,1.600767643,1.584695679,1.558980536,1.587910071,1.568623714,1.655412321,1.629697179,1.571838107,1.584695679
2900,1.551775862,1.620054,1.542465207,1.579707828,1.598329138,1.610743345,1.576604276,1.455565759,1.607639793,1.551775862,1.567293621,1.573500724,1.60143269,1.582811379,1.610743345,1.539361655,1.60143269,1.576604276,1.657296621,1.598329138,1.589018483,1.595225586,1.585914931,1.613846897,1.629364655,1.620054,1.598329138,1.585914931,1.616950448,1.620054,1.533154552,1.573500724,1.604536241,1.675917931,1.561086517,1.573500724,1.551775862,1.60143269,1.623157552,1.551775862,1.635571759,1.517636793,1.620054,1.660400172,1.598329138,1.635571759,1.533154552,1.623157552,1.616950448,1.60143269
3000,1.5720524,1.5960532,1.6140538,1.6050535,1.6830561,1.5570519,1.590053,1.6290543,1.5540518,1.6140538,1.5840528,1.5780526,1.6020534,1.530051,1.5540518,1.5870529,1.5780526,1.5960532,1.5990533,1.5630521,1.6650555,1.6140538,1.590053,1.5930531,1.6350545,1.5540518,1.6380546,1.6380546,1.590053,1.5510517,1.5660522,1.5060502,1.590053,1.5660522,1.5990533,1.5360512,1.5840528,1.5660522,1.5240508,1.5990533,1.6080536,1.5690523,1.5510517,1.5270509,1.6860562,1.6140538,1.5330511,1.5420514,1.6050535,1.5630521
3100,1.570697516,1.527147677,1.625860645,1.591020774,1.625860645,1.431338032,1.582310806,1.625860645,1.622957323,1.559084226,1.532954323,1.60844071,1.60844071,1.521341032,1.564890871,1.576504161,1.567794194,1.564890871,1.622957323,1.692637065,1.561987548,1.675217129,1.640377258,1.599730742,1.602634065,1.605537387,1.538760968,1.573600839,1.550374258,1.620054,1.602634065,1.585214129,1.617150677,1.614247355,1.588117452,1.553277581,1.582310806,1.588117452,1.602634065,1.559084226,1.605537387,1.524244355,1.640377258,1.625860645,1.495211129,1.567794194,1.617150677,1.564890871,1.620054,1.599730742
3200,1.583490281,1.603178437,1.650992531,1.535676187,1.645367344,1.560989531,1.555364344,1.586302875,1.628491781,1.544113969,1.611616219,1.580677688,1.617241406,1.605991031,1.729745156,1.569427312,1.555364344,1.55255175,1.608803625,1.572239906,1.59755325,1.55255175,1.600365844,1.614428813,1.487862094,1.594740656,1.566614719,1.496299875,1.541301375,1.555364344,1.603178437,1.586302875,1.611616219,1.594740656,1.628491781,1.600365844,1.608803625,1.566614719,1.622866594,1.572239906,1.591928062,1.499112469,1.572239906,1.532863594,1.538488781,1.546926563,1.639742156,1.620054,1.608803625,1.636929562
3300,1.603689818,1.543687818,1.644600273,1.527323636,1.557324636,1.606417182,1.568234091,1.570961455,1.560052,1.617326636,1.696420182,1.650055,1.573688818,1.590053,1.598235091,1.639145545,1.560052,1.680056,1.600962455,1.557324636,1.647327636,1.516414182,1.587325636,1.576416182,1.590053,1.620054,1.625508727,1.549142545,1.606417182,1.592780364,1.581870909,1.614599273,1.560052,1.557324636,1.644600273,1.543687818,1.620054,1.590053,1.620054,1.600962455,1.543687818,1.606417182,1.600962455,1.592780364,1.579143545,1.677328636,1.546415182,1.603689818,1.568234091,1.590053
3400,1.612112559,1.540639588,1.604171118,1.543286735,1.556522471,1.593582529,1.627995441,1.630642588,1.582993941,1.606818265,1.572405353,1.612112559,1.630642588,1.627995441,1.630642588,1.596229676,1.572405353,1.564463912,1.609465412,1.606818265,1.612112559,1.680938382,1.617406853,1.651819765,1.654466912,1.590935382,1.630642588,1.601523971,1.564463912,1.622701147,1.678291235,1.535345294,1.649172618,1.516815265,1.553875324,1.614759706,1.543286735,1.590935382,1.627995441,1.604171118,1.590935382,1.527403853,1.4850495,1.606818265,1.561816765,1.596229676,1.5750525,1.717998441,1.569758206,1.633289735
3500,1.632911571,1.6020534,1.576338257,1.589195829,1.681770343,1.535194029,1.581481286,1.5480516,1.5660522,1.542908571,1.578909771,1.553194629,1.612339457,1.568623714,1.553194629,1.532622514,1.532622514,1.671484286,1.5660522,1.596910371,1.545480086,1.6020534,1.604624914,1.594338857,1.563480686,1.607196429,1.622625514,1.568623714,1.591767343,1.532622514,1.553194629,1.596910371,1.558337657,1.576338257,1.576338257,1.578909771,1.614910971,1.5660522,1.627768543,1.6380546,1.612339457,1.558337657,1.622625514,1.5480516,1.599481886,1.550623114,1.524907971,1.522336457,1.522336457,1.5480516
3600,1.547551583,1.55255175,1.637554583,1.590053,1.640054667,1.6050535,1.595053167,1.610053667,1.572552417,1.535051167,1.555051833,1.540051333,1.592553083,1.592553083,1.622554083,1.572552417,1.592553083,1.555051833,1.585052833,1.637554583,1.570052333,1.62755425,1.570052333,1.595053167,1.562552083,1.6050535,1.562552083,1.587552917,1.62755425,1.600053333,1.610053667,1.61255375,1.555051833,1.532551083,1.595053167,1.607553583,1.58255275,1.580052667,1.570052333,1.565052167,1.62755425,1.572552417,1.607553583,1.540051333,1.530051,1.632554417,1.630054333,1.540051333,1.547551583,1.56755225
3700,1.632216568,1.639514108,1.551943622,1.600593892,1.556808649,1.566538703,1.600593892,1.620054,1.57140373,1.622486514,1.641946622,1.549511108,1.634649081,1.561673676,1.585998811,1.598161378,1.615188973,1.585998811,1.598161378,1.537348541,1.590863838,1.634649081,1.568971216,1.615188973,1.607891432,1.559241162,1.559241162,1.593296351,1.566538703,1.534916027,1.615188973,1.627351541,1.559241162,1.576268757,1.581133784,1.607891432,1.583566297,1.583566297,1.634649081,1.598161378,1.573836243,1.564106189,1.581133784,1.556808649,1.568971216,1.573836243,1.627351541,1.620054,1.583566297,1.624919027
3800,1.591632,1.624791,1.6271595,1.6224225,1.539525,1.591632,1.558473,1.582158,1.5845265,1.5513675,1.629528,1.634265,1.6082115,1.4803125,1.577421,1.572684,1.5797895,1.5703155,1.6271595,1.567947,1.582158,1.6224225,1.5655785,1.605843,1.596369,1.5655785,1.6461075,1.5892635,1.5418935,1.6271595,1.601106,1.5703155,1.5797895,1.5608415,1.6413705,1.567947,1.5892635,1.586895,1.605843,1.6082115,1.6555815,1.5039975,1.6129485,1.634265,1.6082115,1.6508445,1.5750525,1.596369,1.5987375,1.6508445
3900,1.564667538,1.661593846,1.576206385,1.578514154,1.553128692,1.571590846,1.585437462,1.587745231,1.601591846,1.622361769,1.601591846,1.585437462,1.654670538,1.566975308,1.624669538,1.596976308,1.624669538,1.610822923,1.569283077,1.518512154,1.610822923,1.663901615,1.590053,1.599284077,1.606207385,1.629285077,1.583129692,1.543897615,1.539282077,1.580821923,1.518512154,1.624669538,1.643131692,1.590053,1.631592846,1.652362769,1.550820923,1.580821923,1.553128692,1.626977308,1.585437462,1.580821923,1.624669538,1.617746231,1.539282077,1.587745231,1.573898615,1.608515154,1.590053,1.576206385
4000,1.590803025,1.5930531,1.52555085,1.620054,1.5660522,1.6110537,1.5840528,1.586302875,1.55255175,1.6110537,1.590803025,1.5750525,1.550301675,1.568302275,1.604303475,1.56155205,1.541301375,1.554801825,1.572802425,1.60655355,1.61555385,1.622304075,1.631304375,1.59755325,1.617803925,1.577302575,1.63355445,1.608803625,1.5930531,1.5660522,1.631304375,1.568302275,1.5750525,1.608803625,1.572802425,1.581802725,1.5750525,1.568302275,1.5840528,1.53455115,1.599803325,1.577302575,1.620054,1.536801225,1.608803625,1.554801825,1.559301975,1.5930531,1.626804225,1.613303775
4100,1.606882829,1.567369317,1.554198146,1.580540488,1.659567512,1.62444439,1.552002951,1.571759707,1.556393341,1.602492439,1.573954902,1.530051,1.587126073,1.552002951,1.558588537,1.576150098,1.554198146,1.626639585,1.648591537,1.600297244,1.556393341,1.562978927,1.639810756,1.571759707,1.584930878,1.62883478,1.587126073,1.62444439,1.639810756,1.633225171,1.547612561,1.587126073,1.587126073,1.602492439,1.589321268,1.613468415,1.584930878,1.569564512,1.584930878,1.631029976,1.670543488,1.547612561,1.584930878,1.648591537,1.569564512,1.648591537,1.567369317,1.576150098,1.635420366,1.576150098
4200,1.622196929,1.5750525,1.564337857,1.596481786,1.5450515,1.645769143,1.624339857,1.553623214,1.568623714,1.557909071,1.572909571,1.549337357,1.467906071,1.5750525,1.549337357,1.632911571,1.637197429,1.645769143,1.620054,1.536479786,1.628625714,1.5750525,1.562194929,1.585767143,1.598624714,1.566480786,1.583624214,1.647912071,1.568623714,1.596481786,1.585767143,1.607196429,1.607196429,1.626482786,1.506478786,1.564337857,1.658626714,1.587910071,1.542908571,1.6050535,1.602910571,1.6050535,1.585767143,1.615768143,1.583624214,1.530051,1.549337357,1.609339357,1.592195929,1.626482786
4300,1.563540488,1.57819214,1.574005953,1.55098193,1.622147093,1.574005953,1.548888837,1.57819214,1.592843791,1.592843791,1.563540488,1.55098193,1.559354302,1.615867814,1.546795744,1.588657605,1.586564512,1.636798744,1.565633581,1.613774721,1.601216163,1.59912307,1.634705651,1.638891837,1.651450395,1.651450395,1.659822767,1.588657605,1.582378326,1.574005953,1.601216163,1.609588535,1.569819767,1.582378326,1.597029977,1.563540488,1.624240186,1.628426372,1.574005953,1.613774721,1.561447395,1.515399349,1.607495442,1.542609558,1.555168116,1.561447395,1.611681628,1.504933884,1.59912307,1.620054
4400,1.615962955,1.618008477,1.55255175,1.593462205,1.581189068,1.570961455,1.579143545,1.630281614,1.573006977,1.705965955,1.540278614,1.630281614,1.560733841,1.59755325,1.579143545,1.583234591,1.568915932,1.570961455,1.622099523,1.593462205,1.640509227,1.628236091,1.554597273,1.601644295,1.601644295,1.640509227,1.601644295,1.644600273,1.605735341,1.593462205,1.593462205,1.573006977,1.632327136,1.644600273,1.550506227,1.626190568,1.671192068,1.546415182,1.536187568,1.615962955,1.564824886,1.589371159,1.556642795,1.663009977,1.654827886,1.634372659,1.554597273,1.622099523,1.601644295,1.554597273
4500,1.5420514,1.6380546,1.574052467,1.6380546,1.50005,1.558051933,1.5720524,1.5720524,1.528050933,1.576052533,1.636054533,1.562052067,1.550051667,1.622054067,1.580052667,1.576052533,1.560052,1.616053867,1.582052733,1.642054733,1.574052467,1.590053,1.580052667,1.592053067,1.6140538,1.586052867,1.640054667,1.556051867,1.546051533,1.588052933,1.5720524,1.552051733,1.590053,1.562052067,1.622054067,1.580052667,1.5420514,1.576052533,1.6020534,1.532051067,1.5960532,1.616053867,1.646054867,1.556051867,1.636054533,1.618053933,1.616053867,1.6320544,1.592053067,1.6560552
4600,1.655272565,1.539833935,1.618097413,1.577009087,1.649402804,1.588748609,1.592661783,1.582878848,1.596574957,1.543747109,1.54961687,1.592661783,1.637663283,1.629836935,1.629836935,1.545703696,1.590705196,1.586792022,1.557443217,1.622010587,1.557443217,1.5750525,1.573095913,1.563312978,1.577009087,1.577009087,1.610271065,1.612227652,1.54961687,1.622010587,1.569182739,1.557443217,1.59461837,1.59461837,1.571139326,1.5750525,1.573095913,1.565269565,1.623967174,1.565269565,1.539833935,1.629836935,1.618097413,1.578965674,1.559399804,1.588748609,1.655272565,1.559399804,1.606357891,1.520268065
4700,1.625798872,1.585584766,1.614309128,1.616224085,1.598989468,1.625798872,1.591329638,1.658353149,1.593244596,1.587499723,1.554945447,1.62771383,1.608564255,1.589414681,1.587499723,1.579839894,1.598989468,1.610479213,1.662183064,1.577924936,1.610479213,1.518561255,1.633458702,1.641118532,1.556860404,1.587499723,1.566435191,1.618139043,1.602819383,1.61239417,1.570265106,1.505156553,1.597074511,1.583669809,1.593244596,1.623883915,1.660268106,1.646863404,1.643033489,1.526221085,1.554945447,1.618139043,1.577924936,1.570265106,1.533880915,1.614309128,1.535795872,1.641118532,1.579839894,1.597074511
4800,1.646304875,1.663180437,1.571302375,1.620054,1.5450515,1.6050535,1.616303875,1.578802625,1.595678188,1.5750525,1.58255275,1.648179938,1.62755425,1.595678188,1.590053,1.541301375,1.59755325,1.590053,1.595678188,1.610678687,1.629429313,1.601303375,1.58255275,1.576927562,1.573177438,1.64255475,1.578802625,1.636929563,1.580677688,1.601303375,1.663180437,1.543176437,1.584427813,1.539426313,1.62755425,1.539426313,1.650055,1.513175438,1.593803125,1.560052,1.5750525,1.595678188,1.5450515,1.608803625,1.62755425,1.606928563,1.620054,1.599428312,1.530051,1.603178438
4900,1.590665265,1.598012449,1.581481286,1.577807694,1.601686041,1.53923498,1.574134102,1.598012449,1.57046051,1.607196429,1.596175653,1.575970898,1.625564388,1.581481286,1.616380408,1.601686041,1.605359633,1.537398184,1.530051,1.621890796,1.535561388,1.620054,1.555766143,1.559439735,1.583318082,1.583318082,1.585154878,1.585154878,1.658626714,1.57964449,1.675157878,1.599849245,1.636585163,1.598012449,1.607196429,1.631074776,1.599849245,1.605359633,1.592502061,1.675157878,1.623727592,1.645769143,1.559439735,1.588828469,1.550255755,1.598012449,1.57046051,1.603522837,1.614543612,1.577807694
5000,1.59845328,1.55165172,1.6290543,1.5480516,1.58225274,1.54265142,1.57865262,1.62185406,1.58765292,1.5840528,1.52825094,1.530051,1.61285376,1.5750525,1.6110537,1.55885196,1.6290543,1.5390513,1.6020534,1.58045268,1.54985166,1.63265442,1.59845328,1.56065202,1.58945298,1.5930531,1.57865262,1.56785226,1.58945298,1.61645388,1.55165172,1.62185406,1.59125304,1.58585286,1.59485316,1.62725424,1.60925364,1.53185106,1.5390513,1.55885196,1.5840528,1.65065502,1.65245508,1.57865262,1.60925364,1.56425214,1.57145238,1.620054,1.62365412,1.5660522
5100,1.526521471,1.632407353,1.616524471,1.612994941,1.581229176,1.602406353,1.612994941,1.620054,1.581229176,1.595347294,1.630642588,1.556522471,1.600641588,1.612994941,1.607700647,1.605935882,1.605935882,1.597112059,1.584758706,1.605935882,1.627113059,1.512403353,1.623583529,1.581229176,1.628877824,1.551228176,1.614759706,1.591817765,1.588288235,1.623583529,1.607700647,1.591817765,1.558287235,1.632407353,1.602406353,1.600641588,1.602406353,1.620054,1.637701647,1.611230176,1.537110059,1.568875824,1.582993941,1.627113059,1.561816765,1.556522471,1.552992941,1.618289235,1.630642588,1.572405353
5200,1.554282577,1.578514154,1.562936712,1.609669038,1.587168288,1.614861519,1.620054,1.533512654,1.581975808,1.616592346,1.576783327,1.550820923,1.569860019,1.578514154,1.556013404,1.604476558,1.557744231,1.620054,1.569860019,1.55255175,1.526589346,1.573321673,1.594091596,1.583706635,1.599284077,1.613130692,1.601014904,1.511011904,1.594091596,1.581975808,1.633900615,1.602745731,1.568129192,1.580244981,1.599284077,1.621784827,1.561205885,1.5750525,1.614861519,1.566398365,1.561205885,1.590629942,1.621784827,1.611399865,1.599284077,1.533512654,1.604476558,1.55255175,1.569860019,1.646016404
5300,1.582694264,1.604770472,1.557221717,1.574203415,1.604770472,1.579297925,1.604770472,1.611563151,1.604770472,1.604770472,1.543636358,1.580996094,1.626846679,1.61835583,1.565712566,1.52835283,1.574203415,1.586090604,1.587788774,1.611563151,1.613261321,1.643828377,1.530051,1.558919887,1.570807075,1.601374132,1.587788774,1.582694264,1.540240019,1.638733868,1.62345034,1.596279623,1.580996094,1.601374132,1.62175217,1.654017396,1.579297925,1.640432038,1.582694264,1.597977792,1.625148509,1.594581453,1.562316226,1.625148509,1.584392434,1.657413736,1.592883283,1.61665766,1.586090604,1.523258321
5400,1.590053,1.586719556,1.551718389,1.610053667,1.591719722,1.563385444,1.643388111,1.570052333,1.638387944,1.623387444,1.598386611,1.536717889,1.621720722,1.568385611,1.645054833,1.611720389,1.640054667,1.531717722,1.561718722,1.595053167,1.620054,1.563385444,1.590053,1.578385944,1.580052667,1.600053333,1.615053833,1.5750525,1.650055,1.608386944,1.663388778,1.630054333,1.628387611,1.535051167,1.581719389,1.590053,1.610053667,1.586719556,1.581719389,1.638387944,1.576719222,1.580052667,1.625054167,1.585052833,1.561718722,1.6050535,1.601720056,1.586719556,1.568385611,1.593386444
5500,1.587325636,1.626599673,1.538233091,1.582416382,1.597144145,1.641327436,1.556233691,1.580779964,1.569325036,1.5660522,1.634781764,1.606962655,1.616781164,1.646236691,1.579143545,1.618417582,1.567688618,1.552960855,1.574234291,1.582416382,1.606962655,1.5660522,1.588962055,1.593871309,1.621690418,1.587325636,1.582416382,1.531687418,1.605326236,1.651145945,1.615144745,1.543142345,1.590598473,1.546415182,1.641327436,1.5660522,1.623326836,1.579143545,1.5660522,1.538233091,1.606962655,1.572597873,1.618417582,1.6020534,1.5840528,1.623326836,1.592234891,1.549688018,1.631508927,1.659328036
5600,1.628089982,1.620054,1.610410821,1.555766143,1.560587732,1.483442304,1.539694179,1.567016518,1.602374839,1.603982036,1.612018018,1.586302875,1.628089982,1.586302875,1.576659696,1.616839607,1.626482786,1.568623714,1.599160446,1.571838107,1.610410821,1.605589232,1.587910071,1.584695679,1.626482786,1.616839607,1.502728661,1.599160446,1.599160446,1.557373339,1.578266893,1.631304375,1.636125964,1.607196429,1.645769143,1.615232411,1.568623714,1.496299875,1.610410821,1.586302875,1.608803625,1.605589232,1.547730161,1.605589232,1.631304375,1.602374839,1.64255475,1.612018018,1.562194929,1.55255175
5700,1.653213,1.579,1.569526,1.599527,1.604264,1.536367,1.601106,1.550578,1.51584,1.588474,1.601106,1.604264,1.637423,1.579,1.575842,1.665845,1.604264,1.643739,1.569526,1.620054,1.635844,1.609001,1.640581,1.572684,1.593211,1.599527,1.577421,1.582158,1.582158,1.605843,1.577421,1.556894,1.609001,1.59479,1.582158,1.526893,1.583737,1.580579,1.650055,1.567947,1.575842,1.613738,1.59479,1.574263,1.586895,1.567947,1.612159,1.623212,1.493734,1.59479
5800,1.584363155,1.585914931,1.581259603,1.623157552,1.595225586,1.643330638,1.542465207,1.613846897,1.592122034,1.616950448,1.624709328,1.539361655,1.613846897,1.55643119,1.60143269,1.587466707,1.627812879,1.547120534,1.536258103,1.5750525,1.610743345,1.60143269,1.571948948,1.587466707,1.584363155,1.573500724,1.606088017,1.567293621,1.525395672,1.557982966,1.519188569,1.534706328,1.641778862,1.613846897,1.59367381,1.637123534,1.547120534,1.623157552,1.610743345,1.640227086,1.54867231,1.578156052,1.516085017,1.567293621,1.562638293,1.576604276,1.616950448,1.573500724,1.547120534,1.592122034
5900,1.577340712,1.578866186,1.597171881,1.571238814,1.551407644,1.569713339,1.591069983,1.633783271,1.629206847,1.574289763,1.571238814,1.586493559,1.598697356,1.568187864,1.545305746,1.586493559,1.591069983,1.578866186,1.560560492,1.600222831,1.575815237,1.650563492,1.597171881,1.584968085,1.58344261,1.615477576,1.543780271,1.562085966,1.581917136,1.626155898,1.577340712,1.604799254,1.580391661,1.580391661,1.621579475,1.610901153,1.591069983,1.565136915,1.613952102,1.514796254,1.618528525,1.578866186,1.560560492,1.527000051,1.563611441,1.578866186,1.60327378,1.542254797,1.613952102,1.639885169
6000,1.62455415,1.55855195,1.5870529,1.55855195,1.5390513,1.6320544,1.6230541,1.5930531,1.59455315,1.6230541,1.5990533,1.5960532,1.60055335,1.61555385,1.6560552,1.5990533,1.60055335,1.57355245,1.5270509,1.6110537,1.57055235,1.60655355,1.57355245,1.6470549,1.59155305,1.62455415,1.61855395,1.60055335,1.5930531,1.59155305,1.54355145,1.59155305,1.57955265,1.6350545,1.5240508,1.6470549,1.6350545,1.59155305,1.5690523,1.66055535,1.5960532,1.6320544,1.5720524,1.58255275,1.5720524,1.57655255,1.62455415,1.5690523,1.6110537,1.5960532
6100,1.584642984,1.599397574,1.561035639,1.614152164,1.625955836,1.609725787,1.561035639,1.655465016,1.540379213,1.614152164,1.618578541,1.623004918,1.592020279,1.578741148,1.59054482,1.602348492,1.581692066,1.620054,1.568412934,1.611201246,1.624480377,1.580216607,1.589069361,1.586118443,1.55956018,1.571363852,1.57431477,1.614152164,1.566937475,1.566937475,1.620054,1.686449656,1.584642984,1.522673705,1.600873033,1.594971197,1.596446656,1.571363852,1.621529459,1.633333131,1.563986557,1.596446656,1.586118443,1.572839311,1.580216607,1.543330131,1.625955836,1.553658344,1.594971197,1.568412934
6200,1.572149177,1.58666579,1.596827419,1.573600839,1.606989048,1.637473935,1.592472435,1.589569113,1.564890871,1.576504161,1.566342532,1.615699016,1.534405984,1.634570613,1.593924097,1.573600839,1.560535887,1.543115952,1.593924097,1.589569113,1.58666579,1.532954323,1.525696016,1.561987548,1.580859145,1.630215629,1.612795694,1.606989048,1.592472435,1.559084226,1.559084226,1.559084226,1.585214129,1.576504161,1.637473935,1.58666579,1.621505661,1.557632565,1.627312306,1.621505661,1.606989048,1.548922597,1.612795694,1.601182403,1.611344032,1.602634065,1.612795694,1.531502661,1.614247355,1.60844071
6300,1.590053,1.561480619,1.578624048,1.577195429,1.550051667,1.63434019,1.63576881,1.610053667,1.628625714,1.591481619,1.552908905,1.587195762,1.60433919,1.598624714,1.63576881,1.570052333,1.600053333,1.602910571,1.570052333,1.584338524,1.630054333,1.558623381,1.592910238,1.612910905,1.564337857,1.584338524,1.594338857,1.621482619,1.54433719,1.598624714,1.560052,1.60433919,1.620054,1.588624381,1.578624048,1.627197095,1.564337857,1.592910238,1.621482619,1.582909905,1.564337857,1.57576681,1.594338857,1.57576681,1.555766143,1.584338524,1.558623381,1.557194762,1.597196095,1.567195095
6400,1.577865094,1.600365844,1.622866594,1.624272891,1.535676187,1.556770641,1.608803625,1.610209922,1.604584734,1.605991031,1.537082484,1.589115469,1.551145453,1.607397328,1.570833609,1.551145453,1.580677688,1.617241406,1.562395828,1.624272891,1.531457297,1.583490281,1.615835109,1.584896578,1.622866594,1.598959547,1.560989531,1.614428813,1.559583234,1.584896578,1.631304375,1.576458797,1.631304375,1.55255175,1.600365844,1.659430312,1.622866594,1.638335859,1.607397328,1.587709172,1.568021016,1.593334359,1.556770641,1.594740656,1.572239906,1.59755325,1.570833609,1.560989531,1.544113969,1.605991031
6500,1.600668738,1.543897615,1.589591446,1.608976708,1.575744831,1.556359569,1.614515354,1.599284077,1.559128892,1.581283477,1.599284077,1.570206185,1.564667538,1.624207985,1.5840528,1.585437462,1.599284077,1.564667538,1.578514154,1.633900615,1.592360769,1.578514154,1.6020534,1.629746631,1.6380546,1.578514154,1.600668738,1.595130092,1.595130092,1.626977308,1.589591446,1.589591446,1.553590246,1.680979108,1.603438062,1.599284077,1.550820923,1.588206785,1.600668738,1.6020534,1.633900615,1.611746031,1.622823323,1.597899415,1.5840528,1.643593246,1.592360769,1.603438062,1.579898815,1.567436862
6600,1.613235591,1.551869909,1.555960955,1.592780364,1.609144545,1.579143545,1.590053,1.621417682,1.561415682,1.565506727,1.643236591,1.6050535,1.613235591,1.594144045,1.591416682,1.600962455,1.561415682,1.603689818,1.603689818,1.568234091,1.607780864,1.602326136,1.562779364,1.592780364,1.583234591,1.590053,1.565506727,1.628236091,1.658237091,1.622781364,1.555960955,1.640509227,1.618690318,1.590053,1.5750525,1.594144045,1.629599773,1.6350545,1.564143045,1.621417682,1.577779864,1.637781864,1.629599773,1.579143545,1.647327636,1.576416182,1.615962955,1.596871409,1.570961455,1.600962455
6700,1.587814119,1.573037507,1.60393406,1.607964045,1.593187433,1.61199403,1.526021015,1.593187433,1.571694179,1.548857597,1.606620716,1.609307373,1.582440806,1.552887582,1.574380836,1.630800627,1.577067493,1.614680687,1.594530761,1.579754149,1.616024015,1.601247403,1.599904075,1.583784134,1.617367343,1.602590731,1.601247403,1.563634209,1.578410821,1.59587409,1.601247403,1.60393406,1.499154448,1.543484284,1.590500776,1.597217418,1.569007522,1.542140955,1.581097478,1.60393406,1.597217418,1.61199403,1.575724164,1.573037507,1.607964045,1.606620716,1.613337358,1.591844104,1.560947552,1.589157448
6800,1.551228176,1.545933882,1.606818265,1.600200397,1.629319015,1.567111059,1.584317515,1.608141838,1.605494691,1.592258956,1.606818265,1.612112559,1.624024721,1.561816765,1.586964662,1.601523971,1.586964662,1.637260456,1.573728926,1.604171118,1.593582529,1.556522471,1.571081779,1.540639588,1.650496191,1.613436132,1.643878324,1.579023221,1.557846044,1.572405353,1.581670368,1.565787485,1.563140338,1.532698147,1.621377574,1.549904603,1.585641088,1.602847544,1.593582529,1.613436132,1.568434632,1.59755325,1.569758206,1.579023221,1.573728926,1.624024721,1.647849044,1.588288235,1.548581029,1.59755325
6900,1.566573957,1.587444217,1.595270565,1.593966174,1.580922261,1.626575957,1.605705696,1.569182739,1.553530043,1.57048713,1.584835435,1.552225652,1.614836435,1.548312478,1.574400304,1.548312478,1.544399304,1.593966174,1.558747609,1.593966174,1.620054,1.607010087,1.550921261,1.63961987,1.543094913,1.530051,1.552225652,1.605705696,1.60961887,1.558747609,1.569182739,1.584835435,1.588748609,1.593966174,1.597879348,1.562660783,1.617445217,1.565269565,1.647446217,1.604401304,1.518311478,1.642228652,1.596574957,1.608314478,1.561356391,1.562660783,1.545703696,1.601792522,1.607010087,1.626575957
7000,1.632911571,1.595624614,1.594338857,1.586624314,1.604624914,1.578909771,1.5930531,1.5840528,1.562194929,1.577624014,1.596910371,1.544194329,1.5750525,1.527479486,1.5660522,1.578909771,1.672770043,1.598196129,1.589195829,1.6110537,1.587910071,1.554480386,1.535194029,1.626482786,1.6020534,1.571195229,1.640626114,1.653483686,1.6290543,1.571195229,1.5930531,1.603339157,1.603339157,1.568623714,1.5660522,1.5660522,1.549337357,1.564766443,1.604624914,1.653483686,1.582767043,1.585338557,1.607196429,1.573766743,1.5390513,1.582767043,1.6380546,1.676627314,1.527479486,1.569909471
7100,1.604842225,1.626392239,1.537656887,1.524980408,1.54779807,1.628927535,1.575686324,1.549065718,1.611180465,1.604842225,1.568080437,1.533853944,1.601039282,1.616251056,1.555403958,1.628927535,1.549065718,1.557939254,1.647942254,1.570615732,1.636533423,1.608645169,1.583292211,1.555403958,1.616251056,1.614983408,1.611180465,1.576953972,1.616251056,1.593433394,1.570615732,1.623856944,1.574418676,1.569348085,1.569348085,1.598503986,1.622589296,1.603574577,1.533853944,1.603574577,1.574418676,1.599771634,1.617518704,1.611180465,1.621321648,1.570615732,1.603574577,1.63780107,1.582024563,1.574418676
7200,1.56755225,1.548801625,1.596303208,1.622554083,1.6050535,1.512550417,1.616303875,1.565052167,1.553801792,1.56755225,1.577552583,1.590053,1.611303708,1.558801958,1.603803458,1.576302542,1.560052,1.577552583,1.580052667,1.618803958,1.628804292,1.566302208,1.598803292,1.557551917,1.622554083,1.615053833,1.630054333,1.596303208,1.577552583,1.631304375,1.565052167,1.581302708,1.588802958,1.6050535,1.615053833,1.628804292,1.603803458,1.571302375,1.632554417,1.573802458,1.620054,1.608803625,1.550051667,1.572552417,1.572552417,1.578802625,1.585052833,1.622554083,1.586302875,1.592553083
7300,1.621286918,1.546078932,1.573203123,1.574436041,1.565805616,1.597861479,1.576901877,1.563339781,1.567038534,1.611423575,1.597861479,1.546078932,1.599094397,1.576901877,1.613889411,1.575668959,1.589231055,1.565805616,1.578134795,1.634849014,1.60895774,1.629917342,1.611423575,1.633616096,1.568271452,1.650876945,1.575668959,1.600327315,1.628684425,1.594162726,1.584299384,1.605258986,1.564572699,1.601560233,1.616355247,1.626218589,1.590463973,1.563339781,1.537448507,1.573203123,1.56950437,1.554709356,1.627451507,1.597861479,1.604026068,1.599094397,1.611423575,1.571970205,1.570737288,1.601560233
7400,1.579917527,1.554376135,1.633432824,1.547078595,1.582350041,1.584782554,1.600593892,1.596945122,1.57870127,1.62370277,1.629784054,1.548294851,1.559241162,1.568971216,1.564106189,1.592080095,1.626135284,1.566538703,1.581133784,1.605458919,1.604242662,1.566538703,1.627351541,1.587215068,1.593296351,1.570187473,1.607891432,1.613972716,1.621270257,1.548294851,1.627351541,1.581133784,1.583566297,1.589647581,1.585998811,1.57140373,1.600593892,1.584782554,1.617621486,1.549511108,1.603026405,1.576268757,1.596945122,1.593296351,1.542213568,1.635865338,1.612756459,1.5750525,1.637081595,1.558024905
7500,1.62125404,1.64045468,1.60325344,1.57325244,1.56125204,1.62365412,1.55645188,1.59365312,1.6020534,1.56245208,1.64525484,1.6020534,1.56965232,1.64165472,1.59245308,1.56125204,1.60445348,1.58765292,1.56965232,1.60925364,1.57325244,1.61765392,1.59965332,1.62485416,1.63685456,1.60565352,1.60925364,1.58885296,1.65725524,1.61765392,1.58045268,1.60925364,1.58165272,1.66685556,1.5780526,1.5780526,1.5960532,1.56725224,1.60565352,1.5780526,1.58765292,1.6260542,1.590053,1.6020534,1.5720524,1.57445248,1.58045268,1.57685256,1.590053,1.67765592
7600,1.56439425,1.6034745,1.5655785,1.56439425,1.56321,1.548999,1.572684,1.60702725,1.629528,1.5845265,1.55018325,1.6082115,1.55965725,1.572684,1.57386825,1.5892635,1.63071225,1.57623675,1.59992175,1.62834375,1.57149975,1.596369,1.60939575,1.62360675,1.6413705,1.61058,1.5987375,1.596369,1.615317,1.57623675,1.558473,1.5750525,1.55965725,1.624791,1.60229025,1.58334225,1.57149975,1.57386825,1.59518475,1.57860525,1.58097375,1.57623675,1.61413275,1.62360675,1.591632,1.591632,1.58097375,1.56913125,1.577421,1.57149975
7700,1.575636935,1.573299195,1.556935013,1.648106883,1.539401961,1.650444623,1.574468065,1.535895351,1.595507727,1.565117104,1.624729481,1.586156766,1.569792584,1.565117104,1.631742701,1.594338857,1.566285974,1.580312416,1.538233091,1.600183208,1.560441623,1.604858688,1.577974675,1.577974675,1.577974675,1.607196429,1.567454844,1.563948234,1.542908571,1.577974675,1.559272753,1.549921792,1.602520948,1.631742701,1.582650156,1.631742701,1.520700039,1.620054,1.603689818,1.588494506,1.61771626,1.580312416,1.609534169,1.603689818,1.549921792,1.518362299,1.558103883,1.599014338,1.582650156,1.553428403
7800,1.606207385,1.618900115,1.599284077,1.546205385,1.591206885,1.579668038,1.599284077,1.620054,1.579668038,1.558898115,1.546205385,1.535820423,1.620054,1.644285577,1.621207885,1.585437462,1.554282577,1.573898615,1.588899115,1.614284577,1.583129692,1.561205885,1.598130192,1.548513154,1.569283077,1.573898615,1.653516654,1.599284077,1.564667538,1.617746231,1.565821423,1.550820923,1.650055,1.583129692,1.524281577,1.600437962,1.602745731,1.587745231,1.628131192,1.518512154,1.593514654,1.576206385,1.630438962,1.596976308,1.546205385,1.603899615,1.570436962,1.621207885,1.601591846,1.599284077
7900,1.637143177,1.590432759,1.561950797,1.559672241,1.580179253,1.564229354,1.600686266,1.647396684,1.614357608,1.631446785,1.617775443,1.555115127,1.566507911,1.585875646,1.557393684,1.620054,1.563090076,1.560811519,1.580179253,1.580179253,1.566507911,1.589293481,1.630307506,1.593850595,1.589293481,1.575622139,1.576761418,1.602964823,1.576761418,1.566507911,1.606382658,1.616636165,1.646257405,1.549418734,1.623471835,1.613218329,1.551697291,1.577900696,1.604104101,1.579039975,1.617775443,1.558532962,1.534608114,1.535747392,1.60524338,1.622332557,1.594989873,1.577900696,1.599546987,1.617775443
8000,1.587427913,1.6290543,1.620054,1.614428813,1.571677387,1.562677088,1.567177237,1.581802725,1.594178138,1.618928962,1.6020534,1.618928962,1.608803625,1.571677387,1.595303175,1.621179038,1.616678888,1.567177237,1.573927463,1.564927162,1.576177538,1.634679488,1.632429412,1.625679187,1.590803025,1.591928062,1.591928062,1.591928062,1.631304375,1.582927763,1.596428213,1.559301975,1.589677988,1.630179338,1.600928363,1.6020534,1.585177837,1.63355445,1.572802425,1.603178438,1.643679788,1.577302575,1.578427612,1.620054,1.589677988,1.596428213,1.5570519,1.57955265,1.608803625,1.618928962
8100,1.596719889,1.595608741,1.57227463,1.523384111,1.618942852,1.620054,1.575608074,1.673389111,1.566718889,1.600053333,1.537829037,1.627832037,1.587830704,1.60227563,1.622276296,1.620054,1.601164481,1.621165148,1.575608074,1.584497259,1.57227463,1.581163815,1.598942185,1.612275963,1.610053667,1.560052,1.604497926,1.615609407,1.590053,1.628943185,1.608942519,1.591164148,1.603386778,1.617831704,1.566718889,1.588941852,1.603386778,1.574496926,1.570052333,1.527828704,1.541162481,1.573385778,1.580052667,1.568941185,1.573385778,1.552273963,1.597831037,1.595608741,1.683389444,1.604497926
8200,1.584930878,1.595906854,1.591516463,1.5750525,1.595906854,1.592614061,1.627737183,1.578345293,1.573954902,1.564076524,1.523465415,1.558588537,1.588223671,1.646396341,1.602492439,1.642005951,1.578345293,1.576150098,1.589321268,1.552002951,1.601394841,1.636517963,1.552002951,1.626639585,1.582735683,1.633225171,1.572857305,1.590418866,1.588223671,1.595906854,1.603590037,1.62883478,1.598102049,1.602492439,1.590418866,1.609078024,1.560783732,1.594809256,1.593711659,1.560783732,1.593711659,1.598102049,1.610175622,1.582735683,1.572857305,1.560783732,1.622249195,1.649689134,1.58383328,1.522367817
8300,1.577763434,1.589691542,1.59511341,1.587522795,1.59511341,1.570172819,1.566919699,1.582100928,1.654753952,1.615716506,1.587522795,1.587522795,1.603788398,1.601619651,1.544147855,1.527882253,1.581016554,1.545232229,1.583185301,1.562582205,1.590775916,1.582100928,1.584269675,1.631982108,1.559329084,1.582100928,1.577763434,1.597282157,1.613547759,1.604872771,1.605957145,1.553907217,1.570172819,1.605957145,1.605957145,1.599450904,1.568004072,1.611379012,1.592944663,1.605957145,1.602704024,1.633066482,1.586438422,1.609210265,1.604872771,1.603788398,1.575594687,1.589691542,1.587522795,1.577763434
8400,1.585767143,1.593267393,1.577195429,1.608267893,1.506478786,1.622196929,1.543980036,1.581481286,1.540765643,1.578266893,1.641483286,1.556837607,1.59755325,1.598624714,1.61255375,1.577195429,1.592195929,1.590053,1.596481786,1.610410821,1.6050535,1.620054,1.624339857,1.584695679,1.571838107,1.6050535,1.588981536,1.602910571,1.606124964,1.610410821,1.61255375,1.594338857,1.593267393,1.570766643,1.593267393,1.581481286,1.615768143,1.568623714,1.59755325,1.578266893,1.558980536,1.599696179,1.609339357,1.569695179,1.576123964,1.558980536,1.554694679,1.557909071,1.622196929,1.557909071
8500,1.576640788,1.530051,1.635936882,1.575581929,1.615818565,1.593582529,1.585111659,1.5840528,1.592523671,1.561816765,1.577699647,1.582993941,1.545933882,1.569228776,1.604171118,1.574523071,1.594641388,1.590405953,1.604171118,1.552287035,1.642290035,1.5660522,1.570287635,1.591464812,1.590405953,1.558640188,1.577699647,1.5660522,1.567111059,1.595700247,1.611583129,1.570287635,1.577699647,1.629583729,1.585111659,1.544875024,1.592523671,1.644407753,1.605229976,1.569228776,1.595700247,1.635936882,1.597817965,1.593582529,1.569228776,1.553345894,1.552287035,1.564993341,1.605229976,1.617936282
8600,1.603309256,1.581331779,1.556214663,1.57191286,1.594936884,1.626333279,1.598076523,1.5750525,1.55098193,1.593890337,1.555168116,1.586564512,1.587611058,1.588657605,1.607495442,1.620054,1.627379826,1.576099047,1.567726674,1.564587035,1.569819767,1.534237186,1.545749198,1.576099047,1.548888837,1.555168116,1.57191286,1.603309256,1.607495442,1.582378326,1.536330279,1.615867814,1.585517965,1.62319364,1.585517965,1.606448895,1.569819767,1.574005953,1.62319364,1.637845291,1.563540488,1.602262709,1.600169616,1.558307756,1.594936884,1.583424872,1.583424872,1.601216163,1.585517965,1.593890337
8700,1.544534241,1.634537241,1.623157552,1.585914931,1.600398172,1.595225586,1.591087517,1.655227586,1.568328138,1.615915931,1.594191069,1.574535241,1.621088517,1.551775862,1.565224586,1.639709828,1.546603276,1.574535241,1.60867431,1.538327138,1.573500724,1.559017483,1.598329138,1.580742345,1.651089517,1.590053,1.579707828,1.597294621,1.587983966,1.600398172,1.602467207,1.594191069,1.562121034,1.60143269,1.60143269,1.620054,1.581776862,1.559017483,1.595225586,1.594191069,1.597294621,1.602467207,1.555913931,1.598329138,1.501084517,1.538327138,1.583845897,1.60143269,1.597294621,1.581776862
8800,1.592439443,1.591416682,1.56789317,1.633349898,1.594484966,1.598576011,1.547437943,1.598576011,1.621076761,1.565847648,1.541301375,1.581189068,1.606758102,1.568915932,1.60471258,1.61289467,1.579143545,1.643577511,1.589371159,1.565847648,1.583234591,1.581189068,1.569938693,1.547437943,1.554597273,1.615962955,1.589371159,1.613917432,1.564824886,1.595507727,1.598576011,1.588348398,1.594484966,1.621076761,1.583234591,1.586302875,1.580166307,1.607780864,1.55255175,1.615962955,1.632327136,1.610849148,1.595507727,1.603689818,1.584257352,1.555620034,1.578120784,1.593462205,1.599598773,1.630281614
8900,1.594772258,1.571513056,1.632189236,1.609941303,1.61904273,1.604884955,1.612975112,1.564434169,1.607918764,1.603873685,1.633200506,1.608930034,1.596794798,1.600839876,1.596794798,1.565445438,1.583648292,1.583648292,1.592749719,1.59072718,1.594772258,1.579603213,1.59072718,1.605896225,1.569490517,1.566456708,1.55937782,1.62106527,1.601851146,1.585670831,1.544208775,1.65039209,1.563422899,1.607918764,1.587693371,1.56140036,1.612975112,1.627132888,1.554321472,1.591738449,1.567467978,1.52903973,1.632189236,1.574546865,1.517915764,1.576569404,1.591738449,1.630166697,1.598817337,1.58870464
9000,1.589052967,1.562052067,1.597053233,1.5780526,1.5750525,1.5750525,1.585052833,1.5810527,1.5870529,1.590053,1.585052833,1.601053367,1.5930531,1.579052633,1.541051367,1.570052333,1.615053833,1.574052467,1.604053467,1.620054,1.5570519,1.582052733,1.582052733,1.616053867,1.609053633,1.588052933,1.650055,1.574052467,1.6260542,1.610053667,1.564052133,1.607053567,1.648054933,1.619053967,1.588052933,1.600053333,1.592053067,1.591053033,1.571052367,1.6350545,1.546051533,1.5930531,1.567052233,1.589052967,1.5960532,1.553051767,1.5960532,1.6110537,1.600053333,1.588052933
9100,1.600273121,1.554777099,1.601262165,1.593349813,1.590382681,1.588404593,1.56763467,1.585437462,1.594338857,1.606207385,1.589393637,1.587415549,1.606207385,1.590382681,1.601262165,1.604229297,1.587415549,1.556755187,1.545875703,1.573568934,1.570601802,1.585437462,1.592360769,1.651703407,1.573568934,1.61016356,1.569612758,1.581481286,1.570601802,1.61510878,1.550820923,1.570601802,1.581481286,1.643791055,1.561700407,1.612141648,1.614119736,1.606207385,1.618075912,1.566645626,1.617086868,1.576536066,1.603240253,1.613130692,1.601262165,1.56763467,1.573568934,1.609174516,1.57752511,1.594338857
9200,1.590705196,1.652337685,1.593640076,1.620054,1.59755325,1.601466424,1.615162533,1.545703696,1.569182739,1.603423011,1.599509837,1.550595163,1.612227652,1.567226152,1.522224652,1.601466424,1.556464924,1.606357891,1.532007587,1.588748609,1.601466424,1.55548663,1.627880348,1.609292772,1.623967174,1.619075707,1.568204446,1.59755325,1.628858641,1.593640076,1.581900554,1.558421511,1.601466424,1.59755325,1.604401304,1.586792022,1.63961987,1.57211762,1.567226152,1.566247859,1.577009087,1.592661783,1.576030793,1.589726902,1.59755325,1.582878848,1.566247859,1.559399804,1.616140826,1.567226152
9300,1.614247355,1.609408484,1.60166629,1.550374258,1.596827419,1.585214129,1.598762968,1.560052,1.551342032,1.553277581,1.575536387,1.60166629,1.577471935,1.554245355,1.563923097,1.620054,1.553277581,1.624892871,1.630699516,1.592956323,1.592956323,1.618118452,1.620054,1.57166529,1.568761968,1.573600839,1.593924097,1.556180903,1.564890871,1.530051,1.613279581,1.593924097,1.557148677,1.553277581,1.586181903,1.621021774,1.549406484,1.622957323,1.580375258,1.560052,1.532954323,1.619086226,1.539728742,1.558116452,1.566826419,1.561019774,1.597795194,1.54843871,1.537793194,1.561019774
9400,1.586542245,1.572180064,1.628671309,1.560690319,1.611436691,1.5750525,1.565477713,1.546328138,1.610479213,1.576967457,1.579839894,1.578882415,1.588457202,1.593244596,1.601861904,1.630586266,1.548243096,1.602819383,1.548243096,1.621968957,1.607606777,1.580797372,1.616224085,1.571222585,1.601861904,1.622926436,1.618139043,1.600904426,1.605691819,1.558775362,1.576009979,1.569307628,1.630586266,1.597074511,1.636331138,1.565477713,1.639203574,1.603776862,1.552073011,1.602819383,1.560690319,1.574095021,1.576967457,1.621011479,1.621968957,1.55973284,1.585584766,1.594202074,1.592287117,1.623883915
9500,1.6115274,1.5878424,1.5878424,1.5594204,1.5793158,1.5954216,1.5973164,1.6238436,1.553736,1.61058,1.596369,1.5783684,1.5461568,1.572684,1.5613152,1.5499464,1.6172118,1.620054,1.5641574,1.6181592,1.582158,1.6399494,1.605843,1.6352124,1.6304754,1.5944742,1.620054,1.6314228,1.6172118,1.5925794,1.601106,1.5793158,1.5603678,1.5840528,1.5906846,1.5802632,1.5944742,1.5992112,1.61058,1.6228962,1.5850002,1.5717366,1.5831054,1.5793158,1.5764736,1.5546834,1.6134222,1.5698418,1.5831054,1.5906846
9600,1.585365344,1.616303875,1.581615219,1.559114469,1.551614219,1.620054,1.615366344,1.554426812,1.587240406,1.601303375,1.571302375,1.614428813,1.604115969,1.61255375,1.605991031,1.598490781,1.550676688,1.555364344,1.563802125,1.568489781,1.643492281,1.613491281,1.59755325,1.626616719,1.602240906,1.562864594,1.596615719,1.571302375,1.559114469,1.589115469,1.569427313,1.562864594,1.6050535,1.540363844,1.611616219,1.562864594,1.563802125,1.593803125,1.5450515,1.613491281,1.595678188,1.534738656,1.615366344,1.606928563,1.602240906,1.62755425,1.579740156,1.591928062,1.541301375,1.599428312
9700,1.579227897,1.591290155,1.578300031,1.594073753,1.598713082,1.607063876,1.593145887,1.566237773,1.574588567,1.572732835,1.580155763,1.603352412,1.591290155,1.607991742,1.600568814,1.538401794,1.61077534,1.592218021,1.576444299,1.595001619,1.583867227,1.582939361,1.613558938,1.598713082,1.565309907,1.579227897,1.614486804,1.608919608,1.573660701,1.562526309,1.587578691,1.602424546,1.542113258,1.565309907,1.630260526,1.592218021,1.617270402,1.590362289,1.569021371,1.570877103,1.582939361,1.588506557,1.609847474,1.577372165,1.627476928,1.617270402,1.602424546,1.578300031,1.609847474,1.61077534
9800,1.588828469,1.601686041,1.585154878,1.609951622,1.606278031,1.583318082,1.593420459,1.569542112,1.557602939,1.609033224,1.559439735,1.546582163,1.575970898,1.61087002,1.598012449,1.560358133,1.62464599,1.595257255,1.577807694,1.571378908,1.609033224,1.572297306,1.617298806,1.598012449,1.594338857,1.631993173,1.635666765,1.596175653,1.586991673,1.596175653,1.557602939,1.620972398,1.626482786,1.602604439,1.551174153,1.637503561,1.556684541,1.630156378,1.61087002,1.555766143,1.627401184,1.609951622,1.582399684,1.561276531,1.573215704,1.576889296,1.564031724,1.627401184,1.621890796,1.599849245
9900,1.578234424,1.564597606,1.566415848,1.594598606,1.56732497,1.576416182,1.639145545,1.590962121,1.589143879,1.575507061,1.610962788,1.578234424,1.628236091,1.565506727,1.602780697,1.610053667,1.610053667,1.600962455,1.606417182,1.586416515,1.577325303,1.603689818,1.579143545,1.584598273,1.595507727,1.600053333,1.584598273,1.565506727,1.570052333,1.572779697,1.580961788,1.593689485,1.600053333,1.585507394,1.581870909,1.592780364,1.548233424,1.566415848,1.590962121,1.61278103,1.579143545,1.580052667,1.59732597,1.595507727,1.564597606,1.55277903,1.570961455,1.594598606,1.581870909,1.576416182
10000,1.60025334,1.58765292,1.53275109,1.56155205,1.58135271,1.54355145,1.60565352,1.55885196,1.60115337,1.58135271,1.60745358,1.61825394,1.59215307,1.58855295,1.59575319,1.63895463,1.55075169,1.59125304,1.57055235,1.57865262,1.58495283,1.59665322,1.57955265,1.56245208,1.56065202,1.60565352,1.5390513,1.56245208,1.57325244,1.56425214,1.59395313,1.59485316,1.5840528,1.58855295,1.63175439,1.56695223,1.61015367,1.5660522,1.57145238,1.61735391,1.61555385,1.60745358,1.56335211,1.57415247,1.58045268,1.5750525,1.59485316,1.58315277,1.64435481,1.56965232
10100,1.61292505,1.594211554,1.56747799,1.56747799,1.56747799,1.594211554,1.577280297,1.617380644,1.616489525,1.566586871,1.577280297,1.600449386,1.574606941,1.623618475,1.592429317,1.578171416,1.612033931,1.625400713,1.574606941,1.569260228,1.555002327,1.559457921,1.588864842,1.636985257,1.566586871,1.55232897,1.602231624,1.616489525,1.58262701,1.619162881,1.577280297,1.626291832,1.600449386,1.583518129,1.625400713,1.571042465,1.593320436,1.580844772,1.614707287,1.614707287,1.56747799,1.581735891,1.563022396,1.587082604,1.572824703,1.598667149,1.551437851,1.603122743,1.611142812,1.63520302
10200,1.580346794,1.612112559,1.566228676,1.567993441,1.612994941,1.576817265,1.588288235,1.581229176,1.593582529,1.562699147,1.590053,1.596229676,1.568875824,1.610347794,1.633289735,1.602406353,1.576817265,1.628877824,1.627995441,1.600641588,1.5450515,1.612994941,1.563581529,1.585641088,1.596229676,1.557404853,1.626230676,1.559169618,1.571522971,1.630642588,1.587405853,1.601523971,1.578582029,1.613877324,1.565346294,1.568875824,1.606818265,1.642995941,1.586523471,1.583876324,1.573287735,1.609465412,1.575934882,1.554757706,1.632407353,1.612994941,1.598876824,1.620936382,1.563581529,1.627995441
10300,1.633161233,1.578110854,1.60432532,1.568498883,1.592965718,1.585975194,1.574615592,1.613063476,1.609568214,1.580732301,1.572867961,1.62791834,1.585101379,1.553644019,1.596460981,1.55539165,1.585101379,1.579858485,1.558013097,1.597334796,1.578110854,1.60432532,1.561508359,1.613937291,1.619180184,1.611315845,1.560634544,1.582479932,1.650637544,1.572867961,1.638404126,1.591218087,1.592965718,1.582479932,1.553644019,1.581606117,1.613937291,1.638404126,1.61218966,1.585975194,1.573741777,1.623549262,1.591218087,1.532672447,1.598208612,1.580732301,1.634035049,1.580732301,1.616558738,1.583353748
10400,1.590629942,1.633035202,1.580244981,1.618323173,1.57764874,1.540435962,1.574187087,1.557744231,1.607072798,1.595822423,1.59495701,1.606207385,1.619188587,1.558609644,1.588033702,1.615726933,1.559475058,1.567263779,1.571590846,1.575917913,1.61745776,1.581110394,1.594091596,1.563802125,1.586302875,1.570725433,1.643420163,1.601014904,1.615726933,1.59755325,1.576783327,1.601014904,1.583706635,1.599284077,1.59755325,1.57245626,1.594091596,1.569860019,1.61745776,1.544763029,1.611399865,1.59755325,1.594091596,1.625246481,1.596687837,1.571590846,1.57764874,1.565532952,1.603611144,1.585437462
10500,1.556623314,1.602910571,1.563480686,1.596910371,1.570338057,1.598624714,1.588338657,1.6320544,1.581481286,1.624339857,1.6080536,1.596910371,1.608910771,1.557480486,1.603767743,1.602910571,1.594338857,1.566909371,1.621768343,1.5480516,1.614910971,1.572909571,1.574623914,1.606339257,1.622625514,1.578909771,1.560909171,1.640626114,1.605482086,1.594338857,1.606339257,1.572909571,1.623482686,1.599481886,1.593481686,1.603767743,1.613196629,1.603767743,1.575481086,1.588338657,1.589195829,1.572909571,1.577195429,1.587481486,1.597767543,1.550623114,1.6560552,1.594338857,1.599481886,1.6380546
10600,1.594581453,1.580147009,1.601374132,1.595430538,1.628544849,1.57165616,1.598826877,1.577599755,1.582694264,1.561467142,1.61835583,1.5750525,1.596279623,1.555523547,1.640432038,1.599675962,1.572505245,1.611563151,1.592883283,1.565712566,1.594581453,1.640432038,1.592883283,1.606468642,1.605619557,1.599675962,1.57335433,1.588637858,1.62175217,1.598826877,1.57844884,1.585241519,1.552976292,1.652319226,1.609864981,1.556372632,1.57675067,1.580996094,1.614959491,1.613261321,1.582694264,1.57675067,1.583543349,1.564014396,1.610714066,1.627695764,1.609864981,1.592034198,1.580996094,1.613261321
10700,1.588931467,1.588090318,1.580519972,1.589772617,1.571267327,1.587249168,1.597342963,1.589772617,1.617530551,1.567061579,1.624259748,1.557808935,1.609119056,1.578837673,1.591454916,1.576314224,1.627624346,1.578837673,1.56537928,1.631830093,1.613324804,1.616689402,1.562014682,1.576314224,1.60154871,1.558650084,1.605754458,1.58388457,1.564538131,1.586408019,1.569585028,1.590613766,1.587249168,1.553603187,1.587249168,1.593137215,1.582202271,1.612483654,1.591454916,1.646970785,1.609119056,1.598184112,1.604913308,1.599866411,1.583043421,1.597342963,1.561173533,1.551079738,1.58388457,1.594819514
10800,1.609220306,1.584219472,1.592553083,1.568385611,1.585052833,1.555885194,1.5750525,1.598386611,1.595886528,1.623387444,1.590053,1.564218806,1.549218306,1.625054167,1.590886361,1.590886361,1.615053833,1.576719222,1.606720222,1.572552417,1.596719889,1.613387111,1.588386278,1.595886528,1.632554417,1.616720556,1.598386611,1.61255375,1.620887361,1.572552417,1.595053167,1.585886194,1.625054167,1.588386278,1.640054667,1.58255275,1.608386944,1.61255375,1.56755225,1.575885861,1.619220639,1.551718389,1.600053333,1.543384778,1.590053,1.584219472,1.56755225,1.59755325,1.604220139,1.604220139
10900,1.600236826,1.583722514,1.582896798,1.573813927,1.611796844,1.586199661,1.628311156,1.572988211,1.619228284,1.583722514,1.596933963,1.603539688,1.55069389,1.583722514,1.615099706,1.616751138,1.585373945,1.581245367,1.57133678,1.561428193,1.582071083,1.569685349,1.595282532,1.539959587,1.582896798,1.610145413,1.596933963,1.556473899,1.572162495,1.598585394,1.554822468,1.596108248,1.596108248,1.59197967,1.590328239,1.605191119,1.597759679,1.606016835,1.614273991,1.61262256,1.630788303,1.59197967,1.562253908,1.549868174,1.601888257,1.597759679,1.572988211,1.594456817,1.601062541,1.579593936
11000,1.608599073,1.601235191,1.596325936,1.577507127,1.614326536,1.599598773,1.645418482,1.601235191,1.592234891,1.597144145,1.552960855,1.613508327,1.539869509,1.557870109,1.562779364,1.613508327,1.566870409,1.615962955,1.589780264,1.609417282,1.589780264,1.618417582,1.596325936,1.530869209,1.6020534,1.618417582,1.639691018,1.615962955,1.613508327,1.601235191,1.596325936,1.584871009,1.573416082,1.576688918,1.565233991,1.599598773,1.602871609,1.6020534,1.562779364,1.592234891,1.598780564,1.638872809,1.588143845,1.603689818,1.588962055,1.609417282,1.590598473,1.575870709,1.565233991,1.577507127
11100,1.585998811,1.554376135,1.603837243,1.583566297,1.594107189,1.60140473,1.592485514,1.567349541,1.554376135,1.588431324,1.606269757,1.624919027,1.610323946,1.551132784,1.620864838,1.604648081,1.573836243,1.637892432,1.605458919,1.570592892,1.573025405,1.623297351,1.591674676,1.585187973,1.580322946,1.585187973,1.574647081,1.583566297,1.624108189,1.568160378,1.605458919,1.602215568,1.611134784,1.520320946,1.568160378,1.57140373,1.573025405,1.603837243,1.581944622,1.569782054,1.590053,1.582755459,1.620054,1.600593892,1.630594892,1.592485514,1.627351541,1.614378135,1.604648081,1.555997811
11200,1.599160446,1.553355348,1.581481286,1.621661196,1.594338857,1.59755325,1.56139133,1.571034509,1.571838107,1.55255175,1.592731661,1.567016518,1.567016518,1.58389208,1.608803625,1.5750525,1.589517268,1.574248902,1.620054,1.584695679,1.584695679,1.626482786,1.625679187,1.579874089,1.608000027,1.569427312,1.572641705,1.615232411,1.603982036,1.593535259,1.601571241,1.60639283,1.603982036,1.585499277,1.5750525,1.595142455,1.594338857,1.596749652,1.599160446,1.595946054,1.558176937,1.643358348,1.602374839,1.581481286,1.575856098,1.590320866,1.594338857,1.601571241,1.595946054,1.58389208
11300,1.635187248,1.613682106,1.632797788,1.58102615,1.609699673,1.58102615,1.598548858,1.584212097,1.567485876,1.58102615,1.616071566,1.607310212,1.596159398,1.579433177,1.589787504,1.590583991,1.616071566,1.574654257,1.596159398,1.57385777,1.545184248,1.597752372,1.613682106,1.588991018,1.566689389,1.581822637,1.58102615,1.596159398,1.569875336,1.557928035,1.613682106,1.596955885,1.588194531,1.586601558,1.601734805,1.560317496,1.620054,1.612089133,1.590583991,1.575450743,1.575450743,1.588991018,1.608106699,1.522882619,1.568282363,1.596955885,1.598548858,1.590583991,1.595362912,1.601734805
11400,1.556894,1.585316,1.615317,1.6034745,1.597948,1.612159,1.5561045,1.5924215,1.6255805,1.5813685,1.5734735,1.599527,1.6287385,1.5955795,1.6066325,1.607422,1.5971585,1.604264,1.601106,1.5466305,1.599527,1.585316,1.580579,1.602685,1.5766315,1.6508445,1.5908425,1.605843,1.593211,1.5797895,1.6034745,1.637423,1.5940005,1.6161065,1.588474,1.591632,1.5655785,1.5876845,1.5845265,1.555315,1.586895,1.579,1.560052,1.621633,1.5861055,1.5639995,1.5861055,1.5876845,1.564789,1.6018955
11500,1.56761747,1.62161927,1.597357591,1.6020534,1.588748609,1.60048813,1.580139626,1.634141426,1.590313878,1.642750409,1.573878548,1.607531843,1.566834835,1.548834235,1.593444417,1.54961687,1.583270165,1.591879148,1.587965974,1.573878548,1.581704896,1.592661783,1.613792922,1.594227052,1.598922861,1.551964774,1.60048813,1.551964774,1.604401304,1.576226452,1.598140226,1.570748009,1.568400104,1.577791722,1.553530043,1.580139626,1.575443817,1.6020534,1.6380546,1.6020534,1.563704296,1.56761747,1.572313278,1.593444417,1.554312678,1.561356391,1.614575557,1.6020534,1.590313878,1.574661183
11600,1.61617456,1.584363155,1.569621284,1.584363155,1.598329138,1.546344647,1.596777362,1.641778862,1.562638293,1.571948948,1.561862405,1.569621284,1.59755325,1.558758853,1.609191569,1.55643119,1.599880914,1.615398672,1.60143269,1.59367381,1.579707828,1.582035491,1.563414181,1.560310629,1.584363155,1.565741845,1.59755325,1.580483716,1.591346147,1.572724836,1.582811379,1.586690819,1.579707828,1.606088017,1.59755325,1.589794371,1.59367381,1.572724836,1.592122034,1.589794371,1.578156052,1.611519233,1.605312129,1.573500724,1.596001474,1.54867231,1.612295121,1.592897922,1.620829888,1.573500724
11700,1.636977641,1.592360769,1.592360769,1.599284077,1.592360769,1.539282077,1.568513821,1.547743897,1.574667872,1.60082259,1.593899282,1.577744897,1.574667872,1.599284077,1.60082259,1.590822256,1.60082259,1.610822923,1.595437795,1.581591179,1.580052667,1.553897949,1.606976641,1.629285077,1.563129026,1.576975641,1.616976974,1.537743564,1.613899949,1.612361436,1.615438462,1.595437795,1.659286077,1.604668872,1.612361436,1.623900282,1.585437462,1.575437128,1.607745897,1.576206385,1.610822923,1.633131359,1.641593179,1.590053,1.600053333,1.633900615,1.576206385,1.566206051,1.601591846,1.546974641
11800,1.568950602,1.627681373,1.592595458,1.592595458,1.563611441,1.582679873,1.581917136,1.595646407,1.576577975,1.626155898,1.607087466,1.597934619,1.607087466,1.575815237,1.606324729,1.604799254,1.606324729,1.561323229,1.604799254,1.591069983,1.537678373,1.591069983,1.581154398,1.557509542,1.575815237,1.639122432,1.562085966,1.586493559,1.598697356,1.572764288,1.588781771,1.600222831,1.597934619,1.568950602,1.610138415,1.587256297,1.613952102,1.580391661,1.578103449,1.590307246,1.581154398,1.604036517,1.626155898,1.581154398,1.559797754,1.626918636,1.633020534,1.621579475,1.601748305,1.564374178
11900,1.632911571,1.577699647,1.576186992,1.590557218,1.561060437,1.632911571,1.624591966,1.629886261,1.573161681,1.560304109,1.626104622,1.593582529,1.620810328,1.565598403,1.561060437,1.629886261,1.581481286,1.588288235,1.555766143,1.58677558,1.64350016,1.604171118,1.577699647,1.572405353,1.557278798,1.610978067,1.589044563,1.58677558,1.617785017,1.579212303,1.57996863,1.606440101,1.595095185,1.632155244,1.614003378,1.592826202,1.583750269,1.555766143,1.573161681,1.611734395,1.532319983,1.612490723,1.602658462,1.590557218,1.588288235,1.597364168,1.58677558,1.576186992,1.602658462,1.610221739
12000,1.5630521,1.619303975,1.602803425,1.610303675,1.572802425,1.5840528,1.589302975,1.605803525,1.57655255,1.599803325,1.60355345,1.6050535,1.587802925,1.56155205,1.584802825,1.595303175,1.5720524,1.5660522,1.556301875,1.55855195,1.584802825,1.5660522,1.611803725,1.620804025,1.57355245,1.5810527,1.5720524,1.5690523,1.565302175,1.590053,1.5840528,1.580302675,1.60355345,1.575802525,1.623804125,1.592303075,1.589302975,1.605803525,1.598303275,1.581802725,1.58555285,1.607303575,1.5810527,1.5930531,1.605803525,1.6260542,1.613303775,1.56155205,1.5390513,1.607303575
12100,1.613359562,1.58658181,1.611871909,1.593276248,1.627492264,1.590300942,1.647575579,1.594763901,1.608152777,1.576912066,1.622285479,1.603689818,1.634186702,1.608152777,1.591044769,1.55310962,1.589557116,1.572449107,1.55310962,1.55087814,1.59699538,1.626748438,1.618566347,1.603689818,1.591044769,1.604433645,1.585094157,1.617078694,1.550134314,1.578399719,1.582118851,1.543439876,1.593276248,1.591788595,1.621541653,1.576912066,1.628236091,1.588813289,1.646087926,1.602202165,1.602202165,1.577655893,1.557572579,1.581375025,1.564267017,1.552365793,1.592532421,1.588813289,1.604433645,1.589557116
12200,1.558084721,1.608250328,1.606774869,1.62079173,1.561035639,1.614152164,1.621529459,1.5750525,1.588331631,1.623742648,1.572101582,1.566199746,1.563248828,1.60529941,1.565462016,1.595708926,1.612676705,1.564724287,1.616365352,1.600873033,1.581692066,1.618578541,1.531526459,1.591282549,1.581692066,1.578741148,1.554396074,1.595708926,1.554396074,1.587593902,1.587593902,1.592758008,1.587593902,1.581692066,1.584642984,1.614889893,1.588331631,1.59054482,1.568412934,1.580954336,1.588331631,1.587593902,1.577265689,1.587593902,1.585380713,1.553658344,1.608250328,1.551445156,1.611201246,1.577265689
12300,1.625176122,1.588589537,1.59444339,1.59444339,1.571027976,1.591516463,1.580540488,1.598102049,1.601760707,1.587126073,1.595906854,1.625907854,1.588589537,1.59883378,1.571759707,1.589321268,1.58566261,1.617127073,1.575418366,1.603224171,1.609078024,1.588589537,1.586394341,1.612736683,1.589321268,1.56883278,1.572491439,1.590053,1.554198146,1.632493439,1.599565512,1.557856805,1.609809756,1.577613561,1.578345293,1.593711659,1.569564512,1.598102049,1.562247195,1.620054,1.614200146,1.545417366,1.575418366,1.559320268,1.595906854,1.578345293,1.605419366,1.588589537,1.586394341,1.543953902
12400,1.592472435,1.548922597,1.641103089,1.576504161,1.58666579,1.604085726,1.622957323,1.607714879,1.604085726,1.574326669,1.625860645,1.574326669,1.591020774,1.560535887,1.550374258,1.605537387,1.578681653,1.593924097,1.590294944,1.603359895,1.616424847,1.610618202,1.600456573,1.595375758,1.593198266,1.569245855,1.574326669,1.577229992,1.626586476,1.569245855,1.625134815,1.585214129,1.605537387,1.606263218,1.588843282,1.601908234,1.599004911,1.620054,1.629489798,1.643280581,1.591020774,1.60844071,1.592472435,1.604085726,1.564890871,1.600456573,1.584488298,1.580859145,1.603359895,1.578681653
12500,1.563172104,1.590533016,1.582612752,1.59125304,1.604213472,1.579012632,1.610693688,1.573972464,1.60565352,1.604933496,1.584772824,1.601333376,1.602773424,1.60565352,1.584772824,1.607813592,1.617173904,1.6020534,1.6020534,1.58765292,1.5480516,1.614293808,1.588372944,1.568212272,1.592693088,1.631574384,1.58045268,1.568212272,1.563172104,1.604933496,1.597733256,1.597733256,1.548771624,1.579732656,1.571812392,1.568932296,1.611413712,1.584772824,1.586212872,1.576132536,1.579732656,1.635894528,1.586212872,1.586932896,1.61285376,1.584772824,1.608533616,1.600613352,1.602773424,1.57685256
12600,1.58933869,1.58933869,1.585767143,1.581481286,1.581481286,1.58933869,1.614339524,1.599339024,1.570052333,1.580766976,1.603624881,1.577909738,1.562194929,1.6050535,1.624339857,1.60433919,1.602910571,1.608625048,1.632911571,1.58933869,1.586481452,1.612910905,1.615053833,1.592195929,1.570052333,1.606482119,1.6050535,1.586481452,1.622196929,1.588624381,1.6350545,1.571480952,1.590053,1.556480452,1.586481452,1.602196262,1.582909905,1.564337857,1.537908405,1.599339024,1.607196429,1.587195762,1.607910738,1.580052667,1.57433819,1.5750525,1.592910238,1.610767976,1.618625381,1.59076731
12700,1.595958709,1.608006354,1.573989472,1.583202378,1.61154978,1.572572102,1.62288874,1.590289228,1.593123969,1.581076323,1.590289228,1.573989472,1.559815772,1.585328433,1.593123969,1.573280787,1.600210819,1.607297669,1.622180055,1.61438452,1.620762685,1.598084764,1.581076323,1.551311551,1.565485252,1.600919504,1.569028677,1.590289228,1.586037118,1.608006354,1.585328433,1.582493693,1.604462929,1.519420724,1.573989472,1.61580189,1.560524457,1.552020236,1.602336874,1.566193937,1.550602866,1.596667394,1.596667394,1.636353756,1.606588984,1.574698157,1.598084764,1.560524457,1.586745803,1.566193937
12800,1.570833609,1.605991031,1.598256398,1.593334359,1.577865094,1.596850102,1.589818617,1.611616219,1.592631211,1.615835109,1.584896578,1.601772141,1.577865094,1.585599727,1.607397328,1.56591157,1.558880086,1.601772141,1.609506773,1.634116969,1.617241406,1.617944555,1.592631211,1.567317867,1.587709172,1.551848602,1.603178437,1.589115469,1.572239906,1.573646203,1.622163445,1.603178437,1.585599727,1.610209922,1.610209922,1.585599727,1.579974539,1.580677688,1.61091307,1.573646203,1.579271391,1.580677688,1.550442305,1.566614719,1.599662695,1.602475289,1.613022516,1.544817117,1.613725664,1.618647703
