s,1,2,3,4,5,6,7,8,9,10,11,12,13,14,15,16,17,18,19,20,21,22,23,24,25,26,27,28,29,30,31,32,33,34,35,36,37,38,39,40,41,42,43,44,45,46,47,48,49,50,51,52,53,54,55,56,57,58,59,60,61,62,63,64,65,66,67,68,69,70,71,72,73,74,75,76,77,78,79,80,81,82,83,84,85,86,87,88,89,90,91,92,93,94,95,96,97,98,99,100
1000,1.5369480000000029,1.671969600000003,1.6058952000000029,1.640368800000003,1.5857856000000028,1.565676000000003,1.6805880000000029,1.6116408000000029,1.5742944000000028,1.669096800000003,1.683460800000003,1.5829128000000028,1.5283296000000028,1.6145136000000029,1.5628032000000027,1.660478400000003,1.5771672000000028,1.6173864000000029,1.5426936000000029,1.694952000000003,1.620259200000003,1.594404000000003,1.565676000000003,1.5197112000000026,1.5972768000000028,1.6116408000000029,1.565676000000003,1.5426936000000029,1.5628032000000027,1.683460800000003,1.5829128000000028,1.663351200000003,1.5742944000000028,1.654732800000003,1.551312000000003,1.5484392000000027,1.6087680000000029,1.660478400000003,1.5829128000000028,1.5082200000000028,1.6662240000000028,1.646114400000003,1.5714216000000027,1.634623200000003,1.5628032000000027,1.6087680000000029,1.5484392000000027,1.6087680000000029,1.5714216000000027,1.4823648000000025,1.5110928000000026,1.669096800000003,1.6173864000000029,1.5915312000000028,1.646114400000003,1.620259200000003,1.6087680000000029,1.5685488000000027,1.5340752000000026,1.634623200000003,1.671969600000003,1.6145136000000029,1.5484392000000027,1.5886584000000028,1.5110928000000026,1.580040000000003,1.5628032000000027,1.5829128000000028,1.620259200000003,1.5886584000000028,1.654732800000003,1.5197112000000026,1.6058952000000029,1.6231320000000027,1.580040000000003,1.5426936000000029,1.6030224000000028,1.5110928000000026,1.5915312000000028,1.5771672000000028,1.6173864000000029,1.6058952000000029,1.594404000000003,1.6374960000000027,1.565676000000003,1.626004800000003,1.6087680000000029,1.557057600000003,1.6001496000000028,1.594404000000003,1.5714216000000027,1.6116408000000029,1.6058952000000029,1.4938560000000027,1.6173864000000029,1.551312000000003,1.594404000000003,1.5714216000000027,1.634623200000003,1.4967288000000025
2000,1.5771672000000028,1.601586000000003,1.5527484000000027,1.6159500000000029,1.6231320000000027,1.549875600000003,1.5628032000000027,1.5470028000000027,1.565676000000003,1.5312024000000026,1.6303140000000027,1.5915312000000028,1.5398208000000027,1.5929676000000028,1.557057600000003,1.5972768000000028,1.6030224000000028,1.5556212000000027,1.5814764000000028,1.6030224000000028,1.5814764000000028,1.5556212000000027,1.5369480000000029,1.6044588000000028,1.5757308000000028,1.551312000000003,1.6159500000000029,1.5857856000000028,1.6030224000000028,1.638932400000003,1.6590420000000028,1.643241600000003,1.5671124000000027,1.580040000000003,1.5685488000000027,1.5225840000000028,1.594404000000003,1.6173864000000029,1.6001496000000028,1.5699852000000027,1.5972768000000028,1.6145136000000029,1.5900948000000028,1.5326388000000026,1.5886584000000028,1.5786036000000028,1.5671124000000027,1.618822800000003,1.6073316000000029,1.601586000000003,1.6116408000000029,1.6231320000000027,1.5900948000000028,1.5771672000000028,1.6001496000000028,1.6102044000000029,1.5628032000000027,1.557057600000003,1.5857856000000028,1.4881104000000027,1.6058952000000029,1.6173864000000029,1.621695600000003,1.620259200000003,1.6173864000000029,1.594404000000003,1.5685488000000027,1.6446780000000027,1.5958404000000028,1.587222000000003,1.5829128000000028,1.5900948000000028,1.5484392000000027,1.580040000000003,1.6102044000000029,1.638932400000003,1.5599304000000027,1.572858000000003,1.6001496000000028,1.5283296000000028,1.5958404000000028,1.5843492000000028,1.5699852000000027,1.626004800000003,1.5283296000000028,1.5900948000000028,1.5426936000000029,1.6058952000000029,1.5283296000000028,1.549875600000003,1.648987200000003,1.621695600000003,1.572858000000003,1.5628032000000027,1.572858000000003,1.628877600000003,1.6173864000000029,1.5786036000000028,1.6159500000000029,1.5829128000000028
3000,1.5848280000000028,1.6058952000000029,1.5302448000000028,1.623132000000003,1.586743200000003,1.5934464000000028,1.5809976000000028,1.5465240000000027,1.623132000000003,1.5666336000000027,1.587700800000003,1.5417360000000027,1.6106832000000029,1.558015200000003,1.5819552000000028,1.5924888000000028,1.5924888000000028,1.5809976000000028,1.6135560000000029,1.6039800000000028,1.5532272000000027,1.6116408000000029,1.5656760000000027,1.6355808000000032,1.6078104000000026,1.639411200000003,1.6173864000000027,1.6087680000000029,1.5628032000000027,1.6154712000000029,1.5857856000000028,1.6547328000000028,1.587700800000003,1.5714216000000027,1.5809976000000028,1.6125984000000029,1.625047200000003,1.558015200000003,1.6030224000000028,1.558972800000003,1.5915312000000028,1.6145136000000029,1.5359904000000026,1.5991920000000028,1.587700800000003,1.621216800000003,1.5915312000000028,1.6097256000000029,1.6154712000000029,1.5379056000000029,1.5838704000000028,1.6011072000000028,1.5733368000000028,1.5513120000000027,1.5915312000000028,1.596319200000003,1.6154712000000029,1.5426936000000027,1.5896160000000028,1.5838704000000028,1.5742944000000028,1.5714216000000027,1.5838704000000028,1.569506400000003,1.5426936000000027,1.5829128000000028,1.5618456000000027,1.6078104000000026,1.579082400000003,1.5924888000000028,1.5618456000000027,1.5800400000000028,1.5177960000000028,1.6011072000000028,1.5982344000000026,1.5829128000000028,1.586743200000003,1.588658400000003,1.588658400000003,1.579082400000003,1.6260048000000031,1.5905736000000028,1.5647184000000027,1.5982344000000026,1.5752520000000028,1.6145136000000029,1.5608880000000027,1.5312024000000029,1.625047200000003,1.5752520000000028,1.6374960000000027,1.5953616000000028,1.577167200000003,1.6078104000000026,1.578124800000003,1.597276800000003,1.628877600000003,1.5915312000000028,1.5273720000000026,1.5666336000000027
4000,1.600867800000003,1.5893766000000027,1.5347934000000027,1.5556212000000027,1.6087680000000029,1.608049800000003,1.5426936000000029,1.6231320000000027,1.5886584000000028,1.6001496000000028,1.608049800000003,1.5900948000000028,1.622413800000003,1.5786036000000028,1.5972768000000028,1.6044588000000028,1.592249400000003,1.6324686000000028,1.612359000000003,1.601586000000003,1.5721398000000029,1.5793218000000029,1.558494000000003,1.572858000000003,1.5843492000000028,1.6159500000000029,1.5929676000000028,1.5814764000000028,1.5879402000000027,1.5886584000000028,1.5714216000000027,1.5764490000000029,1.5886584000000028,1.5793218000000029,1.5750126000000026,1.5843492000000028,1.5642396000000027,1.5821946000000027,1.5606486000000026,1.6044588000000028,1.6181046000000028,1.6102044000000029,1.6023042000000027,1.640368800000003,1.6116408000000029,1.599431400000003,1.5793218000000029,1.558494000000003,1.6145136000000029,1.5929676000000028,1.5599304000000027,1.5829128000000028,1.5829128000000028,1.600867800000003,1.565676000000003,1.587222000000003,1.600867800000003,1.5915312000000028,1.6145136000000029,1.608049800000003,1.6102044000000029,1.6001496000000028,1.5326388000000026,1.5857856000000028,1.6030224000000028,1.6001496000000028,1.5606486000000026,1.585067400000003,1.6087680000000029,1.6116408000000029,1.5750126000000026,1.6023042000000027,1.5987132000000028,1.605177000000003,1.622413800000003,1.622413800000003,1.5821946000000027,1.5527484000000027,1.5635214000000028,1.6130772000000029,1.5900948000000028,1.5972768000000028,1.5886584000000028,1.6303140000000027,1.585067400000003,1.5771672000000028,1.5663942000000026,1.608049800000003,1.5628032000000027,1.5879402000000027,1.557057600000003,1.613795400000003,1.5663942000000026,1.6166682000000028,1.557057600000003,1.5714216000000027,1.565676000000003,1.6030224000000028,1.5599304000000027,1.628159400000003
5000,1.6058952000000029,1.5817636800000028,1.5679742400000027,1.563952320000003,1.5553339200000027,1.6064697600000029,1.5984259200000028,1.6110662400000029,1.5823382400000028,1.5903820800000028,1.6122153600000029,1.5788908800000028,1.6093425600000029,1.5944040000000028,1.6087680000000029,1.5921057600000028,1.5788908800000028,1.5961276800000028,1.6145136000000029,1.580614560000003,1.5921057600000028,1.6018732800000028,1.5622286400000027,1.5587812800000027,1.6145136000000029,1.5949785600000028,1.5909566400000028,1.6018732800000028,1.6041715200000028,1.619684640000003,1.5990004800000028,1.618535520000003,1.5725707200000028,1.5679742400000027,1.5880838400000028,1.5777417600000028,1.5875092800000028,1.5593558400000027,1.5656760000000027,1.6173864000000029,1.5978513600000028,1.619110080000003,1.6030224000000028,1.6122153600000029,1.628303040000003,1.5673996800000027,1.5961276800000028,1.586360160000003,1.5673996800000027,1.569697920000003,1.6018732800000028,1.6162372800000029,1.5834873600000028,1.618535520000003,1.5340752000000029,1.5507374400000027,1.5984259200000028,1.5783163200000028,1.575443520000003,1.5788908800000028,1.6012987200000028,1.6168118400000029,1.5898075200000028,1.551886560000003,1.623132000000003,1.5811891200000028,1.5840619200000028,1.5892329600000028,1.6116408000000029,1.6030224000000028,1.5731452800000028,1.580614560000003,1.627728480000003,1.5783163200000028,1.5599304000000027,1.5708470400000027,1.6024478400000028,1.5909566400000028,1.586360160000003,1.632324960000003,1.6139390400000029,1.5605049600000027,1.5938294400000028,1.6093425600000029,1.5811891200000028,1.5605049600000027,1.6030224000000028,1.563377760000003,1.6162372800000029,1.574868960000003,1.5921057600000028,1.5771672000000028,1.5915312000000028,1.580614560000003,1.626579360000003,1.5949785600000028,1.5484392000000027,1.6104916800000029,1.5277550400000028,1.5794654400000028
6000,1.5671124000000027,1.5958404000000028,1.5637608000000027,1.5910524000000028,1.592010000000003,1.5848280000000028,1.5905736000000028,1.5948828000000028,1.5967980000000028,1.5838704000000028,1.6087680000000029,1.6145136000000029,1.5891372000000028,1.5944040000000028,1.5819552000000028,1.554663600000003,1.634623200000003,1.5541848000000027,1.5924888000000028,1.619780400000003,1.587700800000003,1.636059600000003,1.6039800000000028,1.6001496000000028,1.5924888000000028,1.625047200000003,1.579082400000003,1.569506400000003,1.6063740000000029,1.6063740000000029,1.5910524000000028,1.5479604000000027,1.6149924000000029,1.579082400000003,1.5757308000000028,1.5857856000000028,1.5709428000000027,1.5786036000000028,1.5881796000000028,1.5829128000000028,1.5647184000000027,1.6030224000000028,1.6140348000000029,1.6183440000000027,1.5915312000000028,1.5714216000000027,1.6020648000000028,1.6087680000000029,1.5982344000000026,1.568548800000003,1.5762096000000028,1.625526000000003,1.572858000000003,1.6082892000000029,1.5991920000000028,1.592967600000003,1.5944040000000028,1.6001496000000028,1.567591200000003,1.5848280000000028,1.5795612000000028,1.5948828000000028,1.5958404000000028,1.5723792000000028,1.592010000000003,1.563282000000003,1.5987132000000028,1.5900948000000028,1.629835200000003,1.5977556000000028,1.5618456000000027,1.6073316000000029,1.611162000000003,1.5805188000000028,1.6082892000000029,1.5881796000000028,1.5891372000000028,1.5829128000000028,1.6207380000000031,1.5967980000000028,1.597276800000003,1.5905736000000028,1.586743200000003,1.571900400000003,1.578124800000003,1.6044588000000028,1.5939252000000028,1.573815600000003,1.6116408000000029,1.564239600000003,1.5991920000000028,1.5843492000000028,1.5953616000000028,1.5690276000000027,1.5944040000000028,1.582434000000003,1.5891372000000028,1.5862644000000028,1.5872220000000028,1.5699852000000027
7000,1.610409600000003,1.563624000000003,1.5730632000000029,1.5673176000000029,1.5923520000000029,1.5623928000000027,1.5644448000000026,1.612051200000003,1.590300000000003,1.593993600000003,1.6026120000000028,1.5825024000000028,1.5648552000000029,1.5997392000000028,1.5825024000000028,1.5623928000000027,1.5595200000000027,1.6054848000000028,1.587427200000003,1.584964800000003,1.646935200000003,1.6493976000000028,1.5853752000000028,1.600149600000003,1.5726528000000026,1.648987200000003,1.601380800000003,1.598508000000003,1.6333920000000028,1.6116408000000029,1.5935832000000028,1.5747048000000028,1.601380800000003,1.567728000000003,1.5972768000000028,1.5734736000000027,1.6169760000000029,1.5845544000000027,1.610409600000003,1.598097600000003,1.5898896000000027,1.6034328000000029,1.591941600000003,1.596045600000003,1.590300000000003,1.5742944000000028,1.571832000000003,1.6050744000000028,1.5927624000000027,1.5804504000000028,1.6198488000000029,1.5660864000000028,1.5894792000000029,1.5861960000000028,1.5972768000000028,1.587427200000003,1.5878376000000027,1.5459768000000027,1.612461600000003,1.6116408000000029,1.5726528000000026,1.571011200000003,1.611230400000003,1.5673176000000029,1.598508000000003,1.5894792000000029,1.6026120000000028,1.5890688000000028,1.584964800000003,1.5837336000000029,1.5796296000000027,1.610409600000003,1.5976872000000029,1.5894792000000029,1.5894792000000029,1.5775776000000028,1.6058952000000029,1.5825024000000028,1.6017912000000027,1.5886584000000028,1.590300000000003,1.627646400000003,1.610409600000003,1.5898896000000027,1.6198488000000029,1.6083576000000028,1.5861960000000028,1.5550056000000028,1.5935832000000028,1.5808608000000026,1.602201600000003,1.5861960000000028,1.5853752000000028,1.613282400000003,1.6058952000000029,1.5755256000000029,1.6030224000000028,1.5890688000000028,1.5714216000000027,1.5763464000000027
8000,1.5796809000000027,1.5843492000000028,1.594404000000003,1.599431400000003,1.5645987000000028,1.5918903000000026,1.5954813000000028,1.5671124000000027,1.588299300000003,1.6055361000000028,1.592249400000003,1.5832719000000028,1.6130772000000029,1.5814764000000028,1.5588531000000028,1.6058952000000029,1.5642396000000027,1.5976359000000029,1.6130772000000029,1.5875811000000029,1.603381500000003,1.5760899000000028,1.6023042000000027,1.6102044000000029,1.605177000000003,1.6055361000000028,1.575371700000003,1.5685488000000027,1.6062543000000027,1.5918903000000026,1.5796809000000027,1.6170273000000028,1.581117300000003,1.6073316000000029,1.5857856000000028,1.5886584000000028,1.5929676000000028,1.5620850000000028,1.599431400000003,1.5818355000000028,1.600867800000003,1.5689079000000028,1.594404000000003,1.582553700000003,1.609127100000003,1.5965586000000027,1.586503800000003,1.6145136000000029,1.5843492000000028,1.5961995000000029,1.6181046000000028,1.5678306000000026,1.607690700000003,1.6094862000000028,1.601586000000003,1.590813000000003,1.5760899000000028,1.603381500000003,1.6109226000000028,1.5642396000000027,1.6001496000000028,1.603381500000003,1.5412572000000027,1.5972768000000028,1.5854265000000027,1.592249400000003,1.5714216000000027,1.5958404000000028,1.5649578000000028,1.5724989000000027,1.601945100000003,1.5958404000000028,1.5649578000000028,1.596917700000003,1.5782445000000027,1.5854265000000027,1.5742944000000028,1.612359000000003,1.6058952000000029,1.5645987000000028,1.583631000000003,1.5793218000000029,1.583990100000003,1.5724989000000027,1.585067400000003,1.5760899000000028,1.5961995000000029,1.629595800000003,1.5983541000000028,1.5663942000000026,1.589735700000003,1.5954813000000028,1.592249400000003,1.5879402000000027,1.5886584000000028,1.5918903000000026,1.6087680000000029,1.5742944000000028,1.5900948000000028,1.5857856000000028
9000,1.5877008000000028,1.615790400000003,1.5529080000000026,1.5960000000000027,1.5848280000000028,1.602384000000003,1.5612072000000028,1.6132368000000028,1.5829128000000028,1.6106832000000029,1.5953616000000028,1.5931272000000027,1.6087680000000029,1.5931272000000027,1.5628032000000027,1.5778056000000027,1.6039800000000028,1.5915312000000028,1.5867432000000028,1.5861048000000029,1.547481600000003,1.5880200000000029,1.5908928000000029,1.595042400000003,1.595680800000003,1.5883392000000027,1.584508800000003,1.5972768000000028,1.597915200000003,1.5975960000000027,1.596319200000003,1.6087680000000029,1.5790824000000028,1.5675912000000027,1.584508800000003,1.611002400000003,1.587381600000003,1.597915200000003,1.5561000000000027,1.5762096000000028,1.5541848000000027,1.584508800000003,1.6074912000000028,1.5819552000000028,1.5969576000000028,1.5813168000000026,1.5905736000000028,1.586424000000003,1.6103640000000028,1.6068528000000029,1.5736560000000028,1.5988728000000028,1.5695064000000027,1.571102400000003,1.5870624000000029,1.5803592000000029,1.6208976000000028,1.570144800000003,1.595042400000003,1.6004688000000027,1.6173864000000029,1.5733368000000028,1.619940000000003,1.5886584000000028,1.598553600000003,1.5998304000000028,1.605256800000003,1.6145136000000029,1.5912120000000027,1.6116408000000029,1.611960000000003,1.5934464000000028,1.5991920000000028,1.6189824000000028,1.609087200000003,1.5912120000000027,1.5857856000000028,1.5991920000000028,1.6046184000000028,1.5691872000000027,1.604299200000003,1.5656760000000027,1.618663200000003,1.5666336000000027,1.5841896000000026,1.6020648000000028,1.580040000000003,1.5841896000000026,1.604299200000003,1.609087200000003,1.5867432000000028,1.577167200000003,1.595680800000003,1.599511200000003,1.607172000000003,1.5832320000000029,1.5736560000000028,1.6068528000000029,1.5829128000000028,1.5797208000000027
10000,1.5900948000000028,1.6056079200000029,1.6079061600000029,1.5915312000000028,1.5788908800000028,1.5832000800000028,1.589520240000003,1.5809018400000028,1.5814764000000028,1.6070443200000029,1.5809018400000028,1.6090552800000029,1.6038842400000028,1.5774544800000028,1.5777417600000028,1.5906693600000028,1.5817636800000028,1.6136517600000029,1.6030224000000028,1.5846364800000028,1.5909566400000028,1.5803272800000028,1.6070443200000029,1.5998623200000028,1.5990004800000028,1.6162372800000029,1.6081934400000029,1.545566400000003,1.5788908800000028,1.6010114400000028,1.5832000800000028,1.5852110400000028,1.586360160000003,1.5946912800000028,1.5673996800000027,1.5898075200000028,1.5820509600000028,1.5751562400000028,1.5998623200000028,1.574868960000003,1.5900948000000028,1.5561957600000027,1.5961276800000028,1.5923930400000028,1.595265840000003,1.5809018400000028,1.569697920000003,1.6116408000000029,1.6050333600000029,1.5872220000000028,1.622844720000003,1.5656760000000027,1.5765926400000028,1.5961276800000028,1.5817636800000028,1.5921057600000028,1.5846364800000028,1.5791781600000028,1.5889456800000028,1.5745816800000028,1.5955531200000028,1.5777417600000028,1.5935421600000028,1.6067570400000029,1.5866474400000028,1.5875092800000028,1.5964149600000028,1.5978513600000028,1.5783163200000028,1.5869347200000028,1.5926803200000028,1.5866474400000028,1.5843492000000028,1.5869347200000028,1.5742944000000028,1.5860728800000028,1.5834873600000028,1.5880838400000028,1.5846364800000028,1.5725707200000028,1.5900948000000028,1.5998623200000028,1.5636650400000027,1.5975640800000028,1.5918184800000028,1.5972768000000028,1.5771672000000028,1.5685488000000027,1.620546480000003,1.5987132000000028,1.5984259200000028,1.595265840000003,1.5711343200000027,1.5889456800000028,1.569697920000003,1.6110662400000029,1.5860728800000028,1.5794654400000028,1.586360160000003,1.6030224000000028
11000,1.6205203636363665,1.5902253818181846,1.5829128000000028,1.610073818181821,1.5816069818181846,1.6231320000000027,1.5549682909090936,1.5847409454545482,1.5797788363636391,1.6142524363636392,1.5656760000000027,1.565414836363639,1.5779506909090937,1.595709818181821,1.6105961454545485,1.6004107636363663,1.5936205090909121,1.5938816727272755,1.604328218181821,1.5839574545454576,1.5742944000000028,1.5844797818181846,1.5897030545454576,1.5466110545454572,1.585002109090912,1.5695934545454573,1.5889195636363667,1.6004107636363663,1.5787341818181846,1.5873525818181846,1.6038058909090938,1.5787341818181846,1.5962321454545483,1.5930981818181846,1.5839574545454576,1.59205352727273,1.5897030545454576,1.5779506909090937,1.5703769454545482,1.59779912727273,1.5769060363636391,1.5829128000000028,1.58918072727273,1.5839574545454576,1.5912700363636392,1.5910088727272755,1.5651536727272757,1.5946651636363662,1.5784730181818212,1.56907112727273,1.6027612363636392,1.5810846545454575,1.5883972363636392,1.5675041454545482,1.621565018181821,1.6038058909090938,1.5878749090909121,1.6074621818181847,1.5873525818181846,1.5753390545454573,1.58056232727273,1.5847409454545482,1.59205352727273,1.6126854545454572,1.5904865454545483,1.5876137454545483,1.5688099636363666,1.5988437818181847,1.6074621818181847,1.5675041454545482,1.57481672727273,1.6074621818181847,1.582129309090912,1.5638478545454573,1.5936205090909121,1.6286164363636393,1.5962321454545483,1.5852632727272755,1.60067192727273,1.58343512727273,1.5923146909090937,1.5831739636363666,1.5716827636363666,1.6077233454545483,1.5750778909090937,1.5774283636363666,1.6202592000000027,1.5826516363636391,1.6035447272727301,1.5930981818181846,1.5766448727272755,1.5784730181818212,1.5933593454545483,1.5897030545454576,1.5936205090909121,1.585002109090912,1.5844797818181846,1.5946651636363662,1.58630792727273,1.5839574545454576
12000,1.579082400000003,1.5587334000000028,1.605655800000003,1.5862644000000028,1.5862644000000028,1.5924888000000028,1.582434000000003,1.5651972000000027,1.5774066000000027,1.6054164000000029,1.591770600000003,1.588419000000003,1.5819552000000028,1.590813000000003,1.5628032000000027,1.6054164000000029,1.5941646000000027,1.588658400000003,1.585546200000003,1.5793218000000027,1.5793218000000027,1.607571000000003,1.6027830000000027,1.5735762000000029,1.600389000000003,1.5829128000000028,1.5912918000000027,1.5628032000000027,1.6133166000000028,1.5982344000000026,1.5953616000000028,1.5649578000000028,1.6030224000000028,1.5869826000000027,1.567591200000003,1.6142742000000028,1.6080498000000027,1.5809976000000028,1.578124800000003,1.5967980000000028,1.5838704000000028,1.5915312000000028,1.588419000000003,1.6092468000000029,1.6063740000000029,1.5848280000000028,1.5592122000000026,1.606852800000003,1.606852800000003,1.6018254000000027,1.603261800000003,1.587700800000003,1.594643400000003,1.588419000000003,1.5922494000000027,1.6092468000000029,1.6114014000000028,1.5709428000000027,1.5872220000000028,1.5802794000000027,1.585067400000003,1.620259200000003,1.605655800000003,1.620498600000003,1.581476400000003,1.5891372000000028,1.585546200000003,1.5915312000000028,1.5965586000000027,1.6001496000000028,1.6219350000000028,1.586025000000003,1.618104600000003,1.572858000000003,1.5714216000000027,1.5666336000000027,1.586743200000003,1.588419000000003,1.5802794000000027,1.5697458000000026,1.599910200000003,1.596319200000003,1.5740550000000026,1.582434000000003,1.5872220000000028,1.5900948000000028,1.6159500000000029,1.5740550000000026,1.5896160000000028,1.6104438000000028,1.590813000000003,1.5984738000000027,1.599910200000003,1.5848280000000028,1.5843492000000028,1.5817158000000027,1.6149924000000029,1.597037400000003,1.601586000000003,1.583152200000003
13000,1.5952879384615413,1.591531200000003,1.5882164307692337,1.5966138461538488,1.5667809230769258,1.5802609846153874,1.6010335384615413,1.5873324923076952,1.5762832615384645,1.5745153846153874,1.5857856000000028,1.6058952000000029,1.6021384615384642,1.5767252307692337,1.6114198153846182,1.593741046153849,1.5924151384615415,1.5787140923076952,1.5935200615384644,1.592636123076926,1.5930780923076953,1.5703166769230796,1.5941830153846182,1.6145136000000029,1.5941830153846182,1.5970558153846184,1.5800400000000028,1.577167200000003,1.604127323076926,1.5789350769230797,1.6021384615384642,1.5769462153846183,1.6043483076923106,1.5871115076923106,1.5882164307692337,1.5853436307692335,1.5734104615384643,1.5891003692307721,1.611640800000003,1.5888793846153875,1.587995446153849,1.5773881846153874,1.5992656615384644,1.604127323076926,1.574736369230772,1.5837967384615412,1.574736369230772,1.5815868923076952,1.5811449230769261,1.5957299076923104,1.6061161846153873,1.570095692307695,1.5948459692307722,1.5864485538461568,1.5720845538461568,1.5780511384615412,1.5815868923076952,1.6028014153846184,1.575841292307695,1.590205292307695,1.5952879384615413,1.585122646153849,1.5835757538461568,1.5948459692307722,1.6087680000000029,1.6010335384615413,1.5977187692307722,1.5837967384615412,1.5608143384615412,1.5877744615384644,1.6016964923076953,1.6092099692307722,1.6136296615384644,1.608105046153849,1.6107568615384644,1.5913102153846181,1.5855646153846181,1.5723055384615414,1.5811449230769261,1.5928571076923106,1.5824708307692337,1.5877744615384644,1.5986027076923106,1.5917521846153873,1.5884374153846181,1.600591569230772,1.5891003692307721,1.614955569230772,1.5815868923076952,1.5950669538461566,1.6016964923076953,1.584459692307695,1.591531200000003,1.5738524307692336,1.5727475076923105,1.5990446769230797,1.6001496000000028,1.577167200000003,1.592636123076926,1.5913102153846181
14000,1.6044588000000028,1.6204644000000028,1.588863600000003,1.5923520000000029,1.5681384000000027,1.583528400000003,1.596661200000003,1.6093836000000028,1.582092000000003,1.5876324000000028,1.5884532000000027,1.598097600000003,1.601380800000003,1.6128720000000027,1.5976872000000029,1.603638000000003,1.5767568000000027,1.5847596000000028,1.5894792000000029,1.567728000000003,1.5921468000000027,1.5964560000000028,1.5991236000000029,1.5991236000000029,1.625389200000003,1.5972768000000028,1.5689592000000028,1.5948144000000029,1.6017912000000027,1.597892400000003,1.5839388000000028,1.5851700000000029,1.596045600000003,1.5894792000000029,1.5958404000000028,1.582912800000003,1.5708060000000028,1.5900948000000028,1.5915312000000028,1.5944040000000028,1.6058952000000029,1.5646500000000028,1.5751152000000028,1.6054848000000028,1.598097600000003,1.5972768000000028,1.5890688000000028,1.5767568000000027,1.580655600000003,1.5796296000000027,1.6091784000000027,1.6087680000000029,1.5890688000000028,1.5898896000000027,1.5890688000000028,1.5909156000000029,1.6141032000000028,1.5716268000000029,1.593172800000003,1.591941600000003,1.5866064000000029,1.588863600000003,1.603843200000003,1.6048692000000029,1.5839388000000028,1.5841440000000029,1.5788088000000027,1.6019964000000029,1.6116408000000029,1.5839388000000028,1.580655600000003,1.5997392000000028,1.593993600000003,1.5855804000000029,1.5923520000000029,1.5767568000000027,1.5769620000000029,1.577372400000003,1.5882480000000028,1.6155396000000029,1.6005600000000029,1.5898896000000027,1.6093836000000028,1.611846000000003,1.5570576000000027,1.6073316000000029,1.609588800000003,1.596661200000003,1.5950196000000028,1.597071600000003,1.589684400000003,1.597071600000003,1.6019964000000029,1.6048692000000029,1.6024068000000027,1.593993600000003,1.5822972000000026,1.5804504000000028,1.598508000000003,1.596045600000003
15000,1.5926803200000028,1.5781248000000028,1.6122153600000029,1.592871840000003,1.569123360000003,1.5861686400000028,1.5980428800000028,1.576209600000003,1.568548800000003,1.5968937600000028,1.5802315200000028,1.6024478400000028,1.6034054400000028,1.5974683200000028,1.581763680000003,1.5955531200000028,1.5888499200000028,1.604746080000003,1.5834873600000028,1.6018732800000028,1.579656960000003,1.594978560000003,1.5903820800000028,1.5899990400000028,1.5871262400000028,1.6039800000000028,1.5955531200000028,1.563569280000003,1.5974683200000028,1.6049376000000029,1.6030224000000028,1.578316320000003,1.5945955200000028,1.6200676800000027,1.5940209600000028,1.5792739200000028,1.5934464000000028,1.5800400000000028,1.6018732800000028,1.5896160000000028,1.5905736000000028,1.5760180800000028,1.6011072000000028,1.5888499200000028,1.5815721600000028,1.5660590400000027,1.5930633600000028,1.597085280000003,1.606086720000003,1.6012987200000028,1.6152796800000029,1.578316320000003,1.5836788800000028,1.5798484800000028,1.5585897600000027,1.5899990400000028,1.5637608000000027,1.5846364800000028,1.5901905600000028,1.5825297600000028,1.5877008000000028,1.6057036800000029,1.5727622400000028,1.5953616000000028,1.5926803200000028,1.5790824000000028,1.583104320000003,1.5913396800000028,1.6016817600000028,1.5832958400000028,1.5855940800000028,1.5982344000000028,1.5863601600000028,1.5896160000000028,1.5857856000000028,1.6041715200000028,1.5798484800000028,1.5903820800000028,1.5911481600000028,1.585211040000003,1.571230080000003,1.602639360000003,1.5945955200000028,1.5965107200000028,1.5917227200000028,1.588658400000003,1.598425920000003,1.6074273600000029,1.594978560000003,1.5922972800000028,1.6018732800000028,1.623323520000003,1.5750604800000028,1.5811891200000028,1.5836788800000028,1.5758265600000028,1.6131729600000029,1.5846364800000028,1.5888499200000028,1.5982344000000028
16000,1.573396650000003,1.575371700000003,1.5990723000000027,1.5972768000000028,1.5654964500000028,1.585067400000003,1.596379050000003,1.594404000000003,1.5924289500000028,1.5777058500000027,1.619720550000003,1.590274350000003,1.596917700000003,1.6069725000000028,1.5777058500000027,1.6093066500000028,1.5707034000000029,1.591710750000003,1.6127181000000028,1.6044588000000028,1.5997905000000028,1.599970050000003,1.618822800000003,1.581117300000003,1.5683692500000026,1.602124650000003,1.598892750000003,1.5809377500000028,1.594942650000003,1.581117300000003,1.5881197500000028,1.6030224000000028,1.5741148500000028,1.5918903000000026,1.5856060500000029,1.5924289500000028,1.5856060500000029,1.5766285500000028,1.5762694500000027,1.5816559500000027,1.592249400000003,1.5764490000000029,1.5742944000000028,1.5861447000000028,1.5807582000000027,1.597456350000003,1.603381500000003,1.5775263000000028,1.5866833500000028,1.5920698500000028,1.5848878500000028,1.5843492000000028,1.5940449000000028,1.6012269000000028,1.6062543000000027,1.593685800000003,1.5909925500000028,1.589735700000003,1.5698056500000028,1.6042792500000027,1.5967381500000029,1.5866833500000028,1.5868629000000027,1.5961995000000029,1.6073316000000029,1.5807582000000027,1.5920698500000028,1.596379050000003,1.5970972500000027,1.5938653500000028,1.5996109500000029,1.5812968500000029,1.5931471500000027,1.6053565500000029,1.5821946000000027,1.6017655500000028,1.5698056500000028,1.5803991000000028,1.594942650000003,1.5926085000000028,1.594942650000003,1.591710750000003,1.5997905000000028,1.6042792500000027,1.599431400000003,1.5832719000000028,1.5929676000000028,1.5945835500000027,1.576808100000003,1.5961995000000029,1.587760650000003,1.5990723000000027,1.5953017500000028,1.5832719000000028,1.566753300000003,1.5920698500000028,1.5814764000000028,1.593685800000003,1.5834514500000028,1.5918903000000026
17000,1.5749703529411792,1.5873064941176498,1.5859545882352968,1.5964318588235322,1.6021774588235322,1.5707456470588264,1.5873064941176498,1.5954179294117676,1.587475482352944,1.5791950588235322,1.603360376470591,1.5993046588235322,1.5824058352941204,1.5682108235294145,1.5769982117647088,1.5754773176470618,1.587475482352944,1.5790260705882382,1.5942350117647088,1.5964318588235322,1.584602682352944,1.5810539294117674,1.5920381647058852,1.577505176470591,1.5862925647058852,1.5913622117647088,1.5923761411764734,1.5839267294117676,1.6058952000000029,1.586123576470591,1.5950799529411794,1.600318588235297,1.5898413176470616,1.5944040000000028,1.5778431529411794,1.5898413176470616,1.5906862588235322,1.5783501176470616,1.593221082352944,1.6043743058823556,1.5612823058823557,1.5927141176470616,1.608936988235297,1.591869176470591,1.6249908705882383,1.607585082352944,1.5867995294117676,1.5820678588235322,1.6001496000000028,1.5781811294117676,1.5867995294117676,1.6001496000000028,1.5971078117647086,1.59017929411765,1.5856166117647088,1.5800400000000028,1.5712526117647085,1.5824058352941204,1.5736184470588264,1.5955869176470616,1.5915312000000028,1.6150205647058853,1.6013325176470616,1.5756463058823558,1.5840957176470616,1.591700188235297,1.5869685176470616,1.5993046588235322,1.5650000470588263,1.5813919058823558,1.5876444705882382,1.5873064941176498,1.5866305411764734,1.5891653647058852,1.5915312000000028,1.5979527529411794,1.584602682352944,1.577336188235297,1.5829128000000028,1.6069091294117674,1.6128237176470617,1.5891653647058852,1.5889963764705912,1.6165414588235323,1.58443369411765,1.5824058352941204,1.584602682352944,1.5945729882352968,1.584602682352944,1.5813919058823558,1.6150205647058853,1.587475482352944,1.5869685176470616,1.58443369411765,1.6026844235294146,1.591700188235297,1.5813919058823558,1.5878134588235322,1.6124857411764735,1.5949109647058852
18000,1.6082892000000029,1.5883392000000027,1.5722196000000028,1.597915200000003,1.5870624000000029,1.591690800000003,1.578284400000003,1.594563600000003,1.5738156000000028,1.581157200000003,1.5931272000000027,1.5913716000000029,1.596638400000003,1.5915312000000028,1.5774864000000028,1.5801996000000027,1.5920100000000028,1.5862644000000028,1.607172000000003,1.606054800000003,1.6143540000000027,1.586424000000003,1.5931272000000027,1.5875412000000029,1.5846684000000029,1.6004688000000027,1.5797208000000027,1.583551200000003,1.5846684000000029,1.594563600000003,1.573496400000003,1.599032400000003,1.586424000000003,1.5720600000000027,1.597436400000003,1.5907332000000027,1.601426400000003,1.5928080000000029,1.5918504000000029,1.6017456000000028,1.5830724000000027,1.603182000000003,1.591690800000003,1.579242000000003,1.5829128000000028,1.5821148000000027,1.5731772000000026,1.5880200000000029,1.5899352000000029,1.5993516000000028,1.6070124000000028,1.5993516000000028,1.581636000000003,1.5837108000000029,1.5814764000000028,1.5939252000000028,1.6070124000000028,1.604778000000003,1.5779652000000028,1.6046184000000028,1.5857856000000028,1.5838704000000028,1.5928080000000029,1.5907332000000027,1.5843492000000028,1.5663144000000027,1.5814764000000028,1.5934464000000028,1.5900948000000028,1.591690800000003,1.592169600000003,1.5900948000000028,1.601426400000003,1.5857856000000028,1.5762096000000028,1.5998304000000028,1.5939252000000028,1.586424000000003,1.5894564000000027,1.6049376000000029,1.6058952000000029,1.597117200000003,1.581636000000003,1.5952020000000027,1.5923292000000027,1.5817956000000029,1.578763200000003,1.584030000000003,1.5969576000000028,1.610044800000003,1.5607284000000028,1.599032400000003,1.596319200000003,1.596159600000003,1.5977556000000028,1.6062144000000027,1.589775600000003,1.602703200000003,1.5894564000000027,1.5998304000000028
19000,1.5814008000000028,1.5823080000000027,1.5998472000000028,1.5768648000000027,1.598940000000003,1.5826104000000027,1.5922872000000028,1.5860880000000028,1.6107336000000028,1.600603200000003,1.6063488000000028,1.5815520000000027,1.5894144000000028,1.5833664000000027,1.577318400000003,1.576562400000003,1.6016616000000028,1.5937992000000027,1.595613600000003,1.5821568000000028,1.584727200000003,1.5993936000000029,1.5745968000000028,1.5815520000000027,1.587751200000003,1.598940000000003,1.5962184000000028,1.606500000000003,1.584122400000003,1.5729336000000027,1.582005600000003,1.576562400000003,1.5922872000000028,1.5947064000000029,1.6052904000000028,1.5853320000000029,1.601056800000003,1.5957648000000029,1.5832152000000028,1.5794352000000027,1.5771672000000028,1.5947064000000029,1.5835176000000029,1.5809472000000029,1.6024176000000028,1.5953112000000027,1.5953112000000027,1.5903216000000027,1.6117920000000028,1.5947064000000029,1.586239200000003,1.5848784000000027,1.585180800000003,1.606500000000003,1.5933456000000028,1.5872976000000028,1.5912288000000028,1.6117920000000028,1.5919848000000028,1.589112000000003,1.5933456000000028,1.5888096000000027,1.5823080000000027,1.597125600000003,1.5876000000000028,1.5948576000000028,1.5948576000000028,1.5859368000000027,1.589112000000003,1.5874488000000029,1.5919848000000028,1.5921360000000029,1.5919848000000028,1.5942528000000027,1.5980328000000028,1.5739920000000027,1.5839712000000028,1.5761088000000028,1.5738408000000028,1.5810984000000028,1.5936480000000028,1.577318400000003,1.613304000000003,1.5903216000000027,1.5856344000000029,1.5897168000000028,1.5921360000000029,1.609977600000003,1.5800400000000028,1.580191200000003,1.5721776000000027,1.586239200000003,1.595160000000003,1.607256000000003,1.5809472000000029,1.583668800000003,1.5983352000000028,1.5735384000000028,1.5865416000000028,1.5975792000000029
20000,1.606613400000003,1.584780120000003,1.595984040000003,1.5978513600000028,1.6076188800000029,1.596271320000003,1.6027351200000028,1.5686924400000026,1.5985695600000027,1.5786036000000028,1.5958404000000028,1.5817636800000028,1.5793218000000029,1.599144120000003,1.595984040000003,1.5906693600000028,1.5921057600000028,1.588227480000003,1.5796090800000029,1.5987132000000028,1.600293240000003,1.5941167200000028,1.5946912800000028,1.5961276800000028,1.597707720000003,1.5900948000000028,1.595696760000003,1.5811891200000028,1.595265840000003,1.582481880000003,1.589520240000003,1.5909566400000028,1.595122200000003,1.5730016400000029,1.588227480000003,1.5964149600000028,1.5964149600000028,1.600867800000003,1.5946912800000028,1.5975640800000028,1.5859292400000027,1.5890893200000027,1.584492840000003,1.595265840000003,1.5708470400000027,1.5944040000000028,1.583631000000003,1.593973080000003,1.5972768000000028,1.590813000000003,1.5903820800000028,1.5890893200000027,1.5827691600000027,1.600867800000003,1.5964149600000028,1.582194600000003,1.584780120000003,1.5857856000000028,1.5829128000000028,1.5949785600000028,1.6018732800000028,1.582194600000003,1.588802040000003,1.5998623200000028,1.6076188800000029,1.607187960000003,1.595122200000003,1.598282280000003,1.5948349200000027,1.6018732800000028,1.5852110400000028,1.5790345200000029,1.5964149600000028,1.6000059600000027,1.5804709200000029,1.5886584000000028,1.5712779600000029,1.5958404000000028,1.608049800000003,1.5978513600000028,1.5765926400000028,1.600867800000003,1.5885147600000027,1.589376600000003,1.609773480000003,1.5865038000000027,1.587652920000003,1.5839182800000027,1.5961276800000028,1.5721398000000029,1.5849237600000028,1.582481880000003,1.6053206400000029,1.5967022400000028,1.6107789600000029,1.6011550800000027,1.5846364800000028,1.600293240000003,1.581620040000003,1.5961276800000028
21000,1.580450400000003,1.576620000000003,1.613282400000003,1.5942672000000027,1.5882480000000028,1.5721056000000029,1.576346400000003,1.579766400000003,1.5844176000000028,1.5885216000000029,1.5799032000000028,1.587016800000003,1.600970400000003,1.6005600000000029,1.5911208000000028,1.5916680000000027,1.5803136000000026,1.595908800000003,1.5933096000000029,1.586880000000003,1.583596800000003,1.5908472000000027,1.595908800000003,1.6123248000000028,1.587564000000003,1.5979608000000027,1.602885600000003,1.5825024000000028,1.5900264000000028,1.5799032000000028,1.595908800000003,1.5950880000000027,1.589068800000003,1.5808608000000028,1.5856488000000026,1.5697800000000026,1.5919416000000028,1.579766400000003,1.579766400000003,1.5998760000000027,1.587974400000003,1.5968664000000028,1.5841440000000027,1.589068800000003,1.590573600000003,1.6041168000000028,1.596319200000003,1.5860592000000029,1.5934464000000028,1.5848280000000028,1.584554400000003,1.597140000000003,1.5911208000000028,1.5935832000000028,1.5901632000000028,1.5930360000000028,1.6078104000000029,1.6001496000000028,1.5764832000000026,1.6017912000000027,1.5904368000000029,1.5972768000000028,1.5738840000000027,1.597413600000003,1.5867432000000028,1.5892056000000028,1.570600800000003,1.5855120000000027,1.591804800000003,1.578535200000003,1.5926256000000028,1.595635200000003,1.584554400000003,1.597003200000003,1.5818184000000026,1.599739200000003,1.5897528000000027,1.572516000000003,1.5874272000000027,1.5957720000000029,1.5926256000000028,1.5855120000000027,1.5874272000000027,1.5976872000000026,1.593720000000003,1.5820920000000027,1.5877008000000028,1.5938568000000028,1.5777144000000027,1.608494400000003,1.5886584000000026,1.5996024000000026,1.5856488000000026,1.5882480000000028,1.587016800000003,1.575936000000003,1.5733368000000028,1.6054848000000028,1.603843200000003,1.5915312000000028
22000,1.5810846545454575,1.6004107636363663,1.5860467636363667,1.5789953454545482,1.5962321454545483,1.5765142909090937,1.5897030545454576,1.5855244363636392,1.57338032727273,1.5840880363636392,1.595840400000003,1.5925758545454576,1.5860467636363667,1.5976685454545483,1.6019777454545483,1.5872220000000028,1.56763472727273,1.594404000000003,1.5752084727272755,1.577820109090912,1.6066786909090938,1.6017165818181847,1.5766448727272755,1.5954486545454576,1.5769060363636391,1.5783424363636391,1.6025000727272756,1.5860467636363667,1.6090291636363665,1.5940122545454576,1.5800400000000028,1.5988437818181847,1.59348992727273,1.5967544727272756,1.586438509090912,1.5887889818181846,1.5847409454545482,1.59061712727273,1.5775589454545482,1.5855244363636392,1.5917923636363662,1.5878749090909121,1.6026306545454576,1.56763472727273,1.5868302545454576,1.5910088727272755,1.5997578545454576,1.579256509090912,1.5903559636363667,1.57912592727273,1.595840400000003,1.5984520363636392,1.5976685454545483,1.6002801818181847,1.6002801818181847,1.5842186181818207,1.5936205090909121,1.598582618181821,1.5812152363636391,1.5783424363636391,1.594273418181821,1.5964933090909121,1.5803011636363666,1.5890501454545483,1.6036753090909117,1.595840400000003,1.588527818181821,1.6034141454545483,1.600019018181821,1.5954486545454576,1.59061712727273,1.5883972363636392,1.5814764000000028,1.59348992727273,1.5814764000000028,1.5770366181818212,1.6022389090909117,1.60067192727273,1.5924452727272755,1.5725968363636391,1.59923552727273,1.5974073818181846,1.5924452727272755,1.5917923636363662,1.6090291636363665,1.5883972363636392,1.5936205090909121,1.5912700363636392,1.5846103636363666,1.598582618181821,1.5924452727272755,1.5932287636363662,1.5970156363636392,1.5959709818181846,1.5967544727272756,1.5712910181818212,1.5925758545454576,1.5890501454545483,1.5823904727272755,1.5750778909090937
23000,1.5935296695652201,1.5939043826086985,1.5790407652173941,1.57629286956522,1.5765426782608725,1.5899074434782638,1.5934047652173942,1.5874093565217422,1.5779166260869593,1.5710468869565246,1.5851610782608725,1.5822882782608725,1.6013986434782637,1.5861603130434812,1.584536556521742,1.5787909565217422,1.5920308173913071,1.590157252173916,1.5959028521739158,1.5986507478260898,1.5925304347826115,1.583537321739133,1.5971518956521769,1.5677993739130465,1.591781008695655,1.5944040000000028,1.5847863652173941,1.6028974956521767,1.5791656695652203,1.5806645217391333,1.5970269913043504,1.598900556521742,1.5790407652173941,1.5846614608695682,1.5927802434782636,1.5735449739130463,1.6096423304347856,1.5841618434782636,1.5925304347826115,1.5864101217391333,1.6028974956521767,1.5952783304347853,1.5805396173913073,1.5851610782608725,1.5767924869565246,1.5897825391304374,1.575918156521742,1.5942790956521766,1.58491126956522,1.572920452173916,1.5886584000000028,1.6080185739130461,1.5852859826086985,1.6006492173913072,1.583037704347829,1.6007741217391331,1.5882836869565244,1.5841618434782636,1.5936545739130463,1.6098921391304377,1.5962775652173942,1.5966522782608723,1.5784162434782636,1.5832875130434811,1.5782913391304376,1.5961526608695682,1.5809143304347855,1.5805396173913073,1.5819135652173943,1.5857856000000028,1.5800400000000028,1.5914062956521766,1.5919059130434812,1.5790407652173941,1.6010239304347855,1.6007741217391331,1.5940292869565247,1.5824131826086985,1.593030052173916,1.5895327304347855,1.5766675826086984,1.5919059130434812,1.5939043826086985,1.5774170086956552,1.5811641391304374,1.5855357913043506,1.5921557217391331,1.590407060869568,1.601773356521742,1.5885334956521768,1.5937794782608725,1.601648452173916,1.5981511304347855,1.5784162434782636,1.5739196869565244,1.5806645217391333,1.5874093565217422,1.5939043826086985,1.5814139478260898,1.5846614608695682
24000,1.597276800000003,1.5922494000000027,1.595960100000003,1.5890175000000029,1.5938055000000029,1.6046982000000027,1.5789627000000028,1.5915312000000028,1.592728200000003,1.5909327000000026,1.5861447000000028,1.5875811000000029,1.5894963000000029,1.5894963000000029,1.5964389000000028,1.587341700000003,1.5776460000000028,1.5930873000000028,1.597037400000003,1.603381500000003,1.573935300000003,1.597995000000003,1.590813000000003,1.597995000000003,1.5995511000000027,1.5982344000000026,1.5776460000000028,1.5933267000000029,1.5902145000000028,1.5869826000000027,1.5930873000000028,1.603261800000003,1.5918903000000026,1.5813567000000026,1.5918903000000026,1.586503800000003,1.6026633000000028,1.5899751000000026,1.595122200000003,1.5826734000000027,1.5763293000000027,1.584708300000003,1.5817158000000027,1.5807582000000029,1.590813000000003,1.5881796000000028,1.5826734000000027,1.5896160000000028,1.586384100000003,1.592967600000003,1.580399100000003,1.5881796000000028,1.595002500000003,1.592010000000003,1.5775263000000028,1.5928479000000029,1.600389000000003,1.588658400000003,1.5941646000000027,1.5909327000000026,1.5975162000000027,1.5827931000000028,1.5985935000000029,1.5880599000000029,1.5978753000000028,1.5879402000000027,1.600269300000003,1.5958404000000028,1.5881796000000028,1.6035012000000026,1.5813567000000026,1.592010000000003,1.5794415000000028,1.602423900000003,1.5836310000000027,1.5746535000000028,1.5910524000000028,1.596917700000003,1.585067400000003,1.5921297000000028,1.592967600000003,1.591650900000003,1.5957207000000029,1.588419000000003,1.5679503000000028,1.582194600000003,1.5890175000000029,1.5976359000000029,1.6008678000000027,1.5754914000000029,1.5988329000000028,1.594284300000003,1.5882993000000027,1.5975162000000027,1.592010000000003,1.591650900000003,1.6006284000000028,1.5909327000000026,1.6064937000000028,1.5900948000000028
25000,1.587624192000003,1.5865899840000028,1.5910715520000027,1.5839470080000029,1.6030224000000028,1.5938294400000028,1.5850961280000029,1.5785461440000028,1.593714528000003,1.5972768000000028,1.589347872000003,1.5736049280000026,1.5973917120000027,1.5830277120000027,1.5963575040000029,1.5826829760000027,1.5900373440000029,1.595897856000003,1.583832096000003,1.5913013760000028,1.5881987520000027,1.586704896000003,1.589922432000003,1.5761329920000027,1.5978513600000028,1.6009539840000029,1.611410976000003,1.602218016000003,1.5941741760000028,1.5817636800000028,1.5917610240000029,1.5839470080000029,1.595668032000003,1.5831426240000026,1.5765926400000028,1.577856672000003,1.6035969600000028,1.5777417600000028,1.5961276800000028,1.5970469760000028,1.605090816000003,1.5950934720000027,1.5839470080000029,1.5808443840000028,1.5961276800000028,1.5906119040000029,1.596817152000003,1.5947487360000028,1.5886584000000028,1.5916461120000027,1.5953232960000028,1.599115392000003,1.589577696000003,1.574409312000003,1.5935996160000028,1.5830277120000027,1.6033671360000028,1.5854408640000028,1.580040000000003,1.5900373440000029,1.5883136640000028,1.5970469760000028,1.5915312000000028,1.595897856000003,1.6004943360000028,1.5903820800000028,1.580614560000003,1.5894627840000026,1.596587328000003,1.5879689280000029,1.5941741760000028,1.5802698240000026,1.589577696000003,1.5878540160000028,1.5934847040000029,1.6033671360000028,1.5911864640000029,1.5918759360000028,1.5929101440000029,1.5894627840000026,1.6017583680000027,1.598885568000003,1.6007241600000028,1.5879689280000029,1.606125024000003,1.5754435200000028,1.5716514240000028,1.5878540160000028,1.5786610560000027,1.603826784000003,1.587624192000003,1.5696979200000027,1.5804996480000029,1.583602272000003,1.5716514240000028,1.5907268160000028,1.595553120000003,1.5794654400000028,1.580154912000003,1.5953232960000028
26000,1.585896092307695,1.5828023076923106,1.5843492000000028,1.585454123076926,1.6035748615384644,1.5914207076923104,1.5742944000000028,1.5910892307692335,1.5896528307692335,1.6025804307692337,1.5893213538461566,1.580150492307695,1.5913102153846181,1.5896528307692335,1.5936305538461568,1.5903157846153875,1.5987132000000028,1.5893213538461566,1.5921941538461568,1.5861170769230797,1.5835757538461568,1.5867800307692337,1.5865590461538488,1.5807029538461566,1.6072211076923106,1.5745153846153874,1.5950669538461566,1.5891003692307721,1.5795980307692337,1.5921941538461568,1.5970558153846184,1.5977187692307722,1.5835757538461568,1.5867800307692337,1.5773881846153874,1.584017723076926,1.5885479076923106,1.585122646153849,1.5958404000000028,1.5939620307692337,1.6020279692307722,1.5845701846153875,1.585454123076926,1.589431846153849,1.5946249846153875,1.5914207076923104,1.5997076307692335,1.5874429846153875,1.5816973846153872,1.583686246153849,1.5978292615384644,1.5938515384615413,1.5824708307692337,1.5903157846153875,1.5899843076923106,1.589431846153849,1.5816973846153872,1.5843492000000028,1.58180787692308,1.5986027076923106,1.5886584000000028,1.5953984307692335,1.582581323076926,1.5874429846153875,1.592636123076926,1.575067846153849,1.583686246153849,1.5991551692307722,1.592636123076926,1.5849016615384643,1.5881059384615412,1.5970558153846184,1.5789350769230797,1.6012545230769262,1.5841282153846181,1.5896528307692335,1.592304646153849,1.590205292307695,1.5986027076923106,1.6010335384615413,1.6034643692307722,1.5957299076923104,1.6039063384615413,1.587995446153849,1.5971663076923106,1.5991551692307722,1.5932990769230797,1.577167200000003,1.6024699384615415,1.5928571076923106,1.577167200000003,1.5989341846153875,1.5810344307692334,1.5921941538461568,1.5984922153846182,1.5960613846153873,1.59186267692308,1.582249846153849,1.5930780923076953,1.5831337846153875
27000,1.5735496000000029,1.585466400000003,1.5900416000000028,1.584083200000003,1.5881264000000028,1.5868496000000027,1.5865304000000027,1.585572800000003,1.5929144000000028,1.5830192000000027,1.585572800000003,1.5858920000000027,1.5846152000000029,1.601320000000003,1.5896160000000028,1.5752520000000028,1.5818488000000028,1.5841896000000026,1.6072784000000029,1.5885520000000029,1.5881264000000028,1.5900416000000028,1.5788696000000026,1.585466400000003,1.5865304000000027,1.580252800000003,1.5853600000000028,1.599298400000003,1.5928080000000029,1.5861048000000029,1.580252800000003,1.5891904000000028,1.602277600000003,1.6012136000000028,1.594616800000003,1.5814232000000028,1.594616800000003,1.5736560000000026,1.5818488000000028,1.5895096000000026,1.591318400000003,1.5806784000000027,1.5853600000000028,1.592488800000003,1.5955744000000027,1.581636000000003,1.5925952000000028,1.5895096000000026,1.602171200000003,1.5771672000000028,1.586317600000003,1.596106400000003,1.5852536000000028,1.5934464000000028,1.595148800000003,1.5851472000000029,1.6001496000000028,1.602277600000003,1.5820616000000027,1.580252800000003,1.5896160000000028,1.5819552000000028,1.5768480000000027,1.594723200000003,1.594616800000003,1.5930208000000028,1.589828800000003,1.5846152000000029,1.6040864000000028,1.5873816000000027,1.6030224000000026,1.5795080000000028,1.6073848000000028,1.596638400000003,1.610683200000003,1.5717408000000028,1.580146400000003,1.5688680000000028,1.5775928000000028,1.5904672000000029,1.5881264000000028,1.5889776000000029,1.5880200000000027,1.5872752000000028,1.607491200000003,1.5868496000000027,1.5867432000000028,1.584828000000003,1.590999200000003,1.5795080000000028,1.5807848000000029,1.5827000000000027,1.5836576000000029,1.5912120000000027,1.578124800000003,1.5800400000000028,1.5949360000000028,1.5895096000000026,1.5934464000000028,1.590999200000003
28000,1.598097600000003,1.5934806000000028,1.5879402000000027,1.587735000000003,1.5809634000000028,1.587735000000003,1.587735000000003,1.5881454000000028,1.5878376000000027,1.599328800000003,1.597995000000003,1.596661200000003,1.590300000000003,1.5964560000000028,1.5886584000000028,1.590813000000003,1.5890688000000028,1.575833400000003,1.5894792000000029,1.591736400000003,1.5992262000000028,1.5958404000000028,1.5750126000000029,1.5809634000000028,1.6094862000000028,1.577269800000003,1.5953274000000026,1.5923520000000029,1.598815800000003,1.5879402000000027,1.588350600000003,1.5799374000000028,1.5866064000000029,1.5838362000000028,1.5987132000000028,1.5822972000000026,1.5915312000000028,1.6016886000000028,1.6010730000000029,1.5868116000000028,1.592249400000003,1.5856830000000026,1.5998418000000028,1.5940962000000027,1.591120800000003,1.601893800000003,1.5815790000000027,1.596045600000003,1.5887610000000028,1.584349200000003,1.5866064000000029,1.5889662000000029,1.5816816000000027,1.5767568000000027,1.5765516000000028,1.5833232000000028,1.6050744000000028,1.599021000000003,1.5746022000000028,1.5750126000000029,1.5823998000000028,1.597892400000003,1.5871194000000026,1.5855804000000029,1.5938910000000028,1.5924546000000028,1.5823998000000028,1.5830154000000027,1.5789114000000029,1.587735000000003,1.5872220000000028,1.590300000000003,1.5933780000000028,1.5890688000000028,1.5811686000000027,1.5881454000000028,1.6009704000000027,1.603638000000003,1.5950196000000028,1.5881454000000028,1.5934806000000028,1.5729606000000027,1.5913260000000027,1.5860934000000029,1.582605000000003,1.5783984000000029,1.5842466000000028,1.602201600000003,1.5886584000000028,1.582912800000003,1.5962508000000029,1.5983028000000028,1.5846570000000029,1.591839000000003,1.5906078000000028,1.5767568000000027,1.5825024000000028,1.5991236000000029,1.5904026000000029,1.5856830000000026
29000,1.59579086896552,1.6045083310344856,1.5874696551724166,1.5870734068965544,1.598465544827589,1.5814268689655202,1.5883612137931062,1.5871724689655202,1.5919274482758647,1.58519122758621,1.5838043586206927,1.6051027034482785,1.6046073931034512,1.5970786758620719,1.5843987310344856,1.5884602758620718,1.6077773793103476,1.5771672000000028,1.5874696551724166,1.5878659034482785,1.5883612137931062,1.5918283862068994,1.589847144827589,1.5964843034482787,1.5948993103448303,1.6045083310344856,1.5932152551724166,1.5971777379310372,1.5903424551724166,1.5817240551724165,1.601338344827589,1.5842006068965546,1.592719944827589,1.5903424551724166,1.581228744827589,1.5887574620689684,1.6076783172413822,1.601734593103451,1.5880640275862097,1.5883612137931062,1.5870734068965544,1.5688459862068993,1.585092165517244,1.5970786758620719,1.601338344827589,1.5768700137931062,1.5968805517241407,1.5822193655172443,1.5924227586206925,1.6034186482758648,1.5967814896551753,1.5765728275862096,1.61015486896552,1.5829128000000028,1.5956918068965547,1.6047064551724166,1.5772662620689684,1.5914321379310372,1.581228744827589,1.5893518344827615,1.5815259310344856,1.5798418758620718,1.5973758620689684,1.5925218206896579,1.5745915862068993,1.5920265103448306,1.590837765517244,1.5886584000000028,1.5822193655172443,1.5919274482758647,1.5856865379310372,1.5814268689655202,1.6016355310344856,1.5946021241379338,1.5878659034482785,1.579346565517244,1.5803371862068993,1.5904415172413822,1.5923236965517271,1.5859837241379338,1.583110924137934,1.5982674206896579,1.5897480827586234,1.5827146758620718,1.59291806896552,1.6018336551724166,1.5993571034482785,1.5922246344827613,1.6007439724137957,1.5920265103448306,1.5992580413793132,1.604013020689658,1.5910358896551753,1.5776625103448303,1.5915312000000028,1.5977721103448306,1.5944040000000028,1.6106501793103478,1.580832496551727,1.588163089655175
30000,1.5843492000000028,1.5988089600000028,1.5815721600000028,1.5905736000000028,1.5988089600000028,1.597085280000003,1.5885626400000028,1.6067570400000029,1.5936379200000028,1.5871262400000028,1.5935421600000028,1.5805188000000028,1.5877965600000028,1.5975640800000028,1.5978513600000028,1.5962234400000028,1.6008199200000028,1.5879880800000028,1.5869347200000028,1.5990004800000028,1.5937336800000028,1.5996708000000028,1.6077146400000029,1.5890414400000028,1.6076188800000029,1.5921057600000028,1.5805188000000028,1.5837746400000028,1.5868389600000028,1.5832958400000028,1.5982344000000028,1.5964149600000028,1.5899990400000028,1.5908608800000028,1.5793696800000028,1.5760180800000028,1.5910524000000028,1.6024478400000028,1.5898075200000028,1.5936379200000028,1.5872220000000028,1.5790824000000028,1.577550240000003,1.5869347200000028,1.6020648000000028,1.5910524000000028,1.5948828000000028,1.5888499200000028,1.6027351200000028,1.5966064800000028,1.5723792000000028,1.5972768000000028,1.585498320000003,1.579656960000003,1.5968937600000028,1.5798484800000028,1.5935421600000028,1.5980428800000028,1.5875092800000028,1.6035012000000028,1.5830085600000028,1.5824340000000028,1.5871262400000028,1.596031920000003,1.5882753600000028,1.575730800000003,1.5988089600000028,1.595265840000003,1.595265840000003,1.5927760800000028,1.5916269600000028,1.5857856000000028,1.5903820800000028,1.5880838400000028,1.586551680000003,1.5920100000000028,1.5945955200000028,1.5855940800000028,1.5857856000000028,1.5991920000000028,1.583104320000003,1.5855940800000028,1.6001496000000028,1.5947870400000028,1.6057994400000029,1.5959361600000028,1.5857856000000028,1.5895202400000028,1.5969895200000028,1.6012987200000028,1.584444960000003,1.5922015200000028,1.5982344000000028,1.5971810400000028,1.5881796000000028,1.5818594400000028,1.5965107200000028,1.5805188000000028,1.5888499200000028,1.5805188000000028
31000,1.5906044903225836,1.59282859354839,1.5819860903225835,1.592921264516132,1.5863416258064544,1.581059380645164,1.5738310451612931,1.59282859354839,1.5957013935483901,1.5919945548387124,1.5939406451612932,1.5822641032258093,1.5909751741935512,1.5987595354838737,1.5862489548387126,1.5964427612903254,1.574109058064519,1.585414916129035,1.5965354322580674,1.58995579354839,1.5858782709677448,1.5932919483870995,1.579761987096777,1.578649935483874,1.5982961806451643,1.5945893419354866,1.5837468387096802,1.5980181677419385,1.5921798967741965,1.5771672000000028,1.5845808774193577,1.5847662193548415,1.6034857548387125,1.5904191483870997,1.6005202838709705,1.5902338064516157,1.601168980645164,1.5831908129032288,1.5801326709677448,1.5847662193548415,1.5845808774193577,1.5891217548387127,1.5902338064516157,1.57271899354839,1.5789279483870997,1.595794064516132,1.5992228903225834,1.5987595354838737,1.5806886967741964,1.5980181677419385,1.5852295741935514,1.5944966709677448,1.5876390193548415,1.5911605161290352,1.6059878709677449,1.5746650838709706,1.5818007483870995,1.5927359225806481,1.5796693161290352,1.6061732129032285,1.5890290838709704,1.5762404903225833,1.599964258064519,1.587268335483874,1.5832834838709706,1.5966281032258092,1.6033004129032287,1.595516051612906,1.5931992774193577,1.58421019354839,1.5876390193548415,1.5756844645161319,1.598666864516132,1.5835614967741964,1.5803180129032286,1.5868049806451643,1.5855075870967772,1.595608722580648,1.607099922580648,1.5957013935483901,1.5805033548387124,1.598203509677422,1.6045978064516158,1.58995579354839,1.5859709419354866,1.5878243612903256,1.5893997677419383,1.6030224000000028,1.5937553032258094,1.6020030193548416,1.6015396645161317,1.5742944000000028,1.5868049806451643,1.5851369032258091,1.5966281032258092,1.5888437419354868,1.5975548129032286,1.5904191483870997,1.5931066064516157,1.5848588903225835
32000,1.5900948000000028,1.5851571750000029,1.592698275000003,1.6045485750000028,1.5853367250000028,1.5879402000000027,1.6006882500000028,1.5997007250000028,1.589197050000003,1.5896459250000028,1.5928778250000029,1.5869526750000027,1.5980847750000027,1.5899152500000027,1.586054925000003,1.582104825000003,1.5954813000000028,1.6063440750000029,1.5967381500000029,1.5918903000000026,1.5863242500000028,1.593416475000003,1.5935960250000027,1.5787831500000027,1.5838105500000028,1.583002575000003,1.5888379500000027,1.6024837500000029,1.6002393750000028,1.5873117750000028,1.592788050000003,1.5900948000000028,1.5857856000000028,1.5781547250000028,1.5721398000000029,1.598533650000003,1.5690874500000027,1.5795013500000028,1.5930573750000028,1.5802195500000027,1.5904539000000029,1.5846185250000029,1.5903641250000027,1.6035610500000028,1.589286825000003,1.5785138250000028,1.5889277250000027,1.5939551250000028,1.5914414250000029,1.589286825000003,1.591351650000003,1.5893766000000027,1.5885686250000028,1.599521175000003,1.594942650000003,1.592249400000003,1.579052475000003,1.5885686250000028,1.5939551250000028,1.6053565500000029,1.5893766000000027,1.5801297750000027,1.5904539000000029,1.599970050000003,1.5919800750000028,1.591710750000003,1.5740250750000027,1.5779751750000028,1.5808479750000028,1.5900050250000028,1.5930573750000028,1.5865935750000029,1.5851571750000029,1.5961097250000027,1.6037406000000027,1.582643475000003,1.5953017500000028,1.5968279250000028,1.5941346750000027,1.5893766000000027,1.599521175000003,1.596379050000003,1.5858753750000028,1.6040099250000028,1.6026633000000028,1.6002393750000028,1.5987132000000028,1.5762694500000027,1.5992518500000028,1.582104825000003,1.5997007250000028,1.5935960250000027,1.5973665750000028,1.5894663750000029,1.598533650000003,1.5955710750000027,1.5924289500000028,1.5794115750000028,1.5856958250000028,1.5894663750000029
33000,1.5857856000000028,1.5892677818181846,1.5933593454545483,1.598234400000003,1.5965803636363665,1.5916182545454574,1.5886584000000028,1.5836962909090937,1.608158618181821,1.5868302545454573,1.577341309090912,1.5785600727272757,1.5838704000000028,1.583086909090912,1.601281309090912,1.5923146909090937,1.59396872727273,1.5810846545454573,1.5989308363636392,1.5935334545454574,1.5855244363636394,1.597276800000003,1.59875672727273,1.592662909090912,1.5898771636363664,1.5910088727272755,1.5826516363636391,1.5979732363636392,1.5873525818181846,1.5806493818181846,1.5950133818181846,1.5843056727272757,1.5833480727272757,1.5913570909090937,1.5948392727272755,1.5954486545454574,1.5967544727272756,1.5978861818181846,1.5852632727272757,1.5934464000000028,1.6007589818181847,1.5873525818181846,1.5877008000000028,1.5897030545454574,1.6021518545454574,1.5971026909090937,1.5877008000000028,1.5922276363636394,1.580388218181821,1.6018906909090938,1.57481672727273,1.5839574545454573,1.580388218181821,1.5820422545454573,1.6015424727272756,1.5971026909090937,1.5836962909090937,1.5889195636363664,1.5903994909090937,1.598582618181821,1.5817810909090937,1.5769060363636391,1.5823904727272757,1.595361600000003,1.5758613818181846,1.5847409454545482,1.590921818181821,1.5892677818181846,1.5850021090909119,1.6059822545454574,1.5992790545454574,1.5951004363636394,1.5967544727272756,1.6065916363636392,1.5867432000000028,1.589790109090912,1.589790109090912,1.5836962909090937,1.5856985454545482,1.6018036363636392,1.592837018181821,1.5937075636363665,1.6013683636363665,1.5913570909090937,1.5883972363636394,1.594752218181821,1.5795176727272757,1.5922276363636394,1.6045893818181847,1.5924888000000028,1.568722909090912,1.5981473454545483,1.5925758545454574,1.5935334545454574,1.5951004363636394,1.607201018181821,1.5903994909090937,1.5846538909090937,1.5930981818181846,1.5941428363636394
34000,1.59017929411765,1.5871375058823558,1.5891653647058852,1.5963473647058852,1.5913622117647088,1.5852786352941206,1.5958404000000028,1.5824058352941204,1.5783501176470616,1.5959248941176498,1.5878134588235322,1.5954179294117676,1.5853631294117676,1.5863770588235322,1.5981217411764734,1.5970233176470616,1.5858700941176498,1.5880669411764736,1.58156089411765,1.588911882352944,1.5937280470588264,1.591869176470591,1.6058107058823559,1.5825748235294146,1.5897568235294146,1.6009100470588264,1.5745478823529442,1.5886584000000028,1.5850251529411792,1.5800400000000028,1.5957559058823556,1.5799555058823558,1.5926296235294146,1.6012480235294146,1.5818143764705912,1.593221082352944,1.5955024235294146,1.587475482352944,1.5983752235294146,1.5980372470588262,1.5962628705882382,1.5849406588235322,1.5937280470588264,1.5853631294117676,1.602008470588238,1.6000651058823558,1.5914467058823558,1.5920381647058852,1.5825748235294146,1.5842647058823558,1.5915312000000028,1.5826593176470616,1.5886584000000028,1.5906862588235322,1.5907707529411792,1.5911932235294146,1.5824058352941204,1.5857856000000028,1.583250776470591,1.5905172705882382,1.584349200000003,1.577420682352944,1.5900103058823558,1.600572070588238,1.59161569411765,1.6017549882352968,1.600487576470591,1.594741976470591,1.5879824470588264,1.5823213411764734,1.58299729411765,1.5867995294117676,1.583250776470591,1.597530282352944,1.6087680000000029,1.59161569411765,1.590263788235297,1.5782656235294146,1.5925451294117676,1.5742099058823558,1.5944884941176498,1.6020929647058852,1.5881514352941206,1.6015015058823558,1.5994736470588262,1.586039082352944,1.5962628705882382,1.5853631294117676,1.5954179294117676,1.5890808705882382,1.5936435529411792,1.5803779764705912,1.5767447294117676,1.5824058352941204,1.594657482352944,1.5996426352941204,1.598882188235297,1.5857011058823558,1.59017929411765,1.586039082352944
35000,1.5869347200000028,1.5837336000000029,1.587016800000003,1.592598240000003,1.5890688000000028,1.5923520000000029,1.598015520000003,1.5875092800000028,1.5935011200000029,1.5829948800000027,1.6012987200000028,1.589889600000003,1.5781521600000028,1.6035969600000028,1.603268640000003,1.596456000000003,1.5871809600000029,1.5865243200000028,1.5911208000000028,1.579629600000003,1.5825024000000028,1.5897254400000027,1.6011345600000026,1.5810249600000028,1.5955531200000028,1.5793833600000027,1.5877555200000026,1.572160320000003,1.598425920000003,1.5981796800000028,1.589397120000003,1.5832411200000027,1.5904641600000027,1.5987542400000028,1.5856214400000028,1.5911208000000028,1.5781521600000028,1.5785625600000028,1.587016800000003,1.598425920000003,1.5848827200000029,1.5842260800000028,1.597769280000003,1.6022016000000028,1.5912849600000027,1.586442240000003,1.606141440000003,1.5857035200000027,1.5976872000000029,1.5926803200000028,1.5889046400000026,1.609752960000003,1.597358880000003,1.5974409600000028,1.5890688000000028,1.596948480000003,1.5900537600000029,1.5849648000000027,1.5866064000000029,1.5995750400000028,1.5850468800000028,1.5847185600000029,1.5970305600000028,1.5912849600000027,1.598918400000003,1.5831590400000028,1.602365760000003,1.596045600000003,1.5861139200000027,1.5832411200000027,1.593008640000003,1.6044998400000028,1.5967022400000028,1.5906283200000029,1.583979840000003,1.5899716800000028,1.5815995200000028,1.5979334400000027,1.5947323200000028,1.594486080000003,1.5793833600000027,1.5856214400000028,1.5857856000000028,1.596620160000003,1.6003137600000028,1.5797937600000027,1.5850468800000028,1.5971947200000027,1.5857035200000027,1.6037611200000028,1.5802041600000027,1.5879196800000028,1.6005600000000029,1.588740480000003,1.592762400000003,1.5802862400000026,1.5785625600000028,1.5935832000000028,1.5912028800000029,1.5822561600000027
36000,1.595441400000003,1.589296800000003,1.6010274000000029,1.6024638000000029,1.5798006000000029,1.5973566000000028,1.5971970000000029,1.5916110000000028,1.5834714000000027,1.5857856000000028,1.593685800000003,1.5801996000000027,1.5891372000000028,1.600788000000003,1.5957606000000029,1.5948828000000028,1.590174600000003,1.5852270000000028,1.590174600000003,1.602304200000003,1.5892170000000028,1.6019850000000029,1.595441400000003,1.5882594000000028,1.5888180000000027,1.5958404000000028,1.5841896000000026,1.5909726000000028,1.5963990000000028,1.5896160000000028,1.603660800000003,1.5798006000000029,1.5859452000000027,1.5967980000000028,1.5861846000000028,1.602304200000003,1.5853866000000028,1.584907800000003,1.5817956000000029,1.5794016000000028,1.5847482000000028,1.5874614000000027,1.5904938000000028,1.5813168000000026,1.5943242000000029,1.586982600000003,1.587940200000003,1.5984738000000027,1.5989526000000027,1.5858654000000028,1.584109800000003,1.5832320000000029,1.5803592000000029,1.584907800000003,1.592169600000003,1.5845886000000027,1.5801198000000027,1.5842694000000028,1.5978354000000028,1.595042400000003,1.5883392000000027,1.595680800000003,1.6005486000000029,1.6061346000000027,1.5915312000000028,1.5908928000000029,1.591690800000003,1.598553600000003,1.600947600000003,1.5738156000000028,1.5761298000000028,1.5863442000000028,1.5776460000000028,1.5827532000000029,1.590813000000003,1.588897800000003,1.5813168000000026,1.5896958000000028,1.598074800000003,1.5821946000000027,1.600788000000003,1.5819552000000028,1.5900150000000028,1.587301800000003,1.594723200000003,1.5852270000000028,1.5993516000000028,1.602783000000003,1.594164600000003,1.596159600000003,1.591291800000003,1.5924888000000028,1.585546200000003,1.5903342000000027,1.5872220000000028,1.607650800000003,1.5891372000000028,1.582673400000003,1.5875412000000029,1.5975960000000027
37000,1.6009260324324353,1.5920747027027056,1.589667762162165,1.5886584000000028,1.5844656648648678,1.5829128000000028,1.5998390270270297,1.5890466162162191,1.5958792216216244,1.593472281081084,1.5900559783783812,1.5901336216216244,1.5913759135135164,1.5894348324324352,1.5853197405405435,1.5958792216216244,1.5916864864864892,1.6026341837837865,1.5776330594594623,1.5919970594594623,1.587726681081084,1.5931617081081109,1.5942487135135164,1.585863243243246,1.5860961729729757,1.580428216216219,1.5942487135135164,1.5945592864864895,1.5892019027027056,1.5874161081081108,1.5926182054054083,1.5923852756756787,1.590366551351354,1.591919416216219,1.5742167567567595,1.591919416216219,1.5900559783783812,1.6047305513513541,1.5996060972973,1.5940934270270297,1.5948698594594624,1.5834563027027055,1.5780212756756784,1.5991402378378408,1.5878819675675704,1.5939381405405435,1.5744496864864894,1.5904441945945973,1.584853881081084,1.6054293405405433,1.60271182702703,1.5815152216216244,1.584620951351354,1.5948698594594624,1.5836115891891922,1.590288908108111,1.6006931027027056,1.5830680864864892,1.591919416216219,1.5823692972973002,1.5792635675675704,1.5763907675675704,1.5894348324324352,1.5974320864864893,1.5847762378378407,1.5975097297297325,1.5852420972973,1.5941710702702732,1.5821363675675704,1.5874161081081108,1.5770895567567595,1.5870278918918947,1.5908324108108136,1.5867949621621649,1.5882701837837865,1.5793412108108138,1.5994508108108136,1.5678500108108135,1.5888913297297325,1.5933946378378407,1.5814375783783812,1.60271182702703,1.5881925405405435,1.589667762162165,1.5917641297297327,1.5800400000000028,1.5881148972973003,1.5873384648648676,1.5921523459459488,1.5822916540540568,1.5971215135135164,1.5955686486486513,1.5961121513513543,1.5981308756756785,1.5938604972973,1.5871831783783812,1.5829904432432462,1.5878043243243272,1.5943263567567596,1.5954910054054083
38000,1.599166800000003,1.5826104000000027,1.5832152000000028,1.5779988000000027,1.5848028000000027,1.5840468000000028,1.5959160000000028,1.5967476000000027,1.5914556000000029,1.5903216000000027,1.5721776000000027,1.5925896000000028,1.5902460000000027,1.603551600000003,1.5814008000000028,1.584500400000003,1.5738408000000028,1.5867684000000029,1.5779232000000027,1.603551600000003,1.5848028000000027,1.5888096000000027,1.5911532000000028,1.5838200000000027,1.5884316000000027,1.5853320000000029,1.580569200000003,1.5883560000000028,1.5910776000000029,1.591682400000003,1.5764112000000028,1.598108400000003,1.5879780000000028,1.5814764000000028,1.5844248000000027,1.595613600000003,1.5825348000000028,1.586995200000003,1.5864660000000028,1.5913044000000027,1.6048368000000028,1.5990156000000029,1.6044588000000028,1.5972012000000029,1.5943284000000029,1.5770916000000028,1.5804936000000027,1.5959160000000028,1.597050000000003,1.5876000000000028,1.582232400000003,1.601434800000003,1.5889608000000028,1.5883560000000028,1.5953112000000027,1.5873732000000027,1.5929676000000028,1.6006788000000027,1.5876000000000028,1.583668800000003,1.5969744000000028,1.5835932000000028,1.601812800000003,1.584727200000003,1.5831396000000029,1.590170400000003,1.602871200000003,1.599318000000003,1.5904728000000028,1.5814764000000028,1.594933200000003,1.582232400000003,1.5898680000000027,1.587751200000003,1.5997716000000028,1.5832152000000028,1.579132800000003,1.591002000000003,1.5886584000000028,1.583064000000003,1.5965208000000028,1.6068024000000027,1.5977304000000028,1.5944796000000028,1.592665200000003,1.5896412000000029,1.578754800000003,1.5835176000000029,1.5940260000000028,1.5828372000000028,1.5884316000000027,1.5823836000000027,1.588507200000003,1.5780744000000029,1.5930432000000028,1.585558800000003,1.589112000000003,1.5792084000000028,1.5831396000000029,1.5972768000000028
39000,1.588142769230772,1.582912800000003,1.5929307692307721,1.591015569230772,1.5930780923076953,1.5958772307692335,1.5807029538461568,1.604274646153849,1.582102523076926,1.5838704000000028,1.5905736000000028,1.5903526153846181,1.5930780923076953,1.584312369230772,1.5943303384615413,1.591015569230772,1.5968348307692337,1.5925624615384644,1.5815132307692337,1.579819015384618,1.5850489846153875,1.5930044307692335,1.588805723076926,1.589910646153849,1.589616000000003,1.5867432000000028,1.5925624615384644,1.5843860307692337,1.5805556307692337,1.5914575384615415,1.5760622769230797,1.589910646153849,1.6018438153846184,1.5900579692307721,1.5849016615384643,1.5976451076923106,1.5767252307692337,1.5884374153846184,1.5893950153846181,1.59042627692308,1.5924151384615413,1.5851963076923106,1.5934464000000028,1.582912800000003,1.5883637538461566,1.582249846153849,1.603611692307695,1.609062646153849,1.5913102153846181,1.5904999384615413,1.595508923076926,1.5919731692307721,1.5846070153846181,1.5921204923076953,1.5953616000000028,1.5962455384615413,1.5686224615384643,1.5969821538461568,1.5847543384615415,1.584017723076926,1.5997076307692335,1.585932923076926,1.5896896615384644,1.6000759384615413,1.601549169230772,1.5904999384615413,1.5946249846153875,1.5833547692307721,1.5943303384615413,1.595508923076926,1.5951406153846184,1.5995603076923104,1.5804083076923106,1.5716425846153874,1.5917521846153875,1.5923414769230797,1.590868246153849,1.5982344000000028,1.585932923076926,1.5951406153846184,1.6048639384615415,1.5901316307692337,1.593741046153849,1.5898369846153875,1.5913838769230797,1.5924888000000028,1.595656246153849,1.5892476923076952,1.584165046153849,1.5887320615384644,1.5843860307692337,1.5826918153846181,1.601254523076926,1.5863012307692335,1.5961718769230797,1.5858592615384643,1.5931517538461566,1.5799663384615412,1.5888793846153875,1.5919731692307721
40000,1.5820509600000028,1.5959122200000029,1.5809018400000028,1.5880838400000028,1.594332180000003,1.5914593800000028,1.6000059600000027,1.595696760000003,1.591172100000003,1.5904539000000029,1.593685800000003,1.5832000800000028,1.598282280000003,1.5870783600000027,1.588586580000003,1.600077780000003,1.581404580000003,1.5992159400000028,1.5806863800000028,1.5890175000000029,1.5904539000000029,1.5898075200000028,1.598066820000003,1.6037406000000027,1.5801836400000027,1.5880120200000027,1.5976359000000027,1.5949785600000028,1.5826255200000028,1.5951940200000028,1.6058233800000028,1.5900229800000028,1.5997905000000028,1.578029040000003,1.5800400000000028,1.5936139800000029,1.593111240000003,1.5984259200000028,1.5815482200000028,1.592321220000003,1.603956060000003,1.600867800000003,1.581045480000003,1.5916748400000027,1.5884429400000029,1.584205560000003,1.5912439200000028,1.5883711200000028,1.5882993000000027,1.5880120200000027,1.5922494000000027,1.6012987200000028,1.6107071400000028,1.5812609400000028,1.588802040000003,1.599646860000003,1.5976359000000027,1.5964149600000028,1.5921057600000028,1.5729298200000028,1.5928239600000027,1.599718680000003,1.5959122200000029,1.585426500000003,1.5941167200000028,1.586791080000003,1.5803991000000028,1.5825537000000027,1.5969177000000028,1.5941167200000028,1.5923930400000028,1.5864319800000029,1.5995750400000028,1.596271320000003,1.5918184800000028,1.5886584000000028,1.5995750400000028,1.591746660000003,1.5921775800000029,1.586791080000003,1.594332180000003,1.5951940200000028,1.5942603600000027,1.5809736600000028,1.5916748400000027,1.5969177000000028,1.5847083000000028,1.5900948000000028,1.5926803200000028,1.5824100600000028,1.587652920000003,1.5833437200000027,1.5870065400000029,1.5774544800000028,1.5911002800000027,1.5923930400000028,1.5886584000000028,1.5931830600000028,1.5992877600000028,1.5883711200000028
41000,1.5980475512195151,1.5894291512195151,1.5815114341463443,1.5991686439024417,1.5881679219512224,1.5910407219512224,1.5773073365853687,1.5916713365853687,1.584664507317076,1.5967162536585393,1.5967162536585393,1.599238712195125,1.5986781658536613,1.5926522926829296,1.5747848780487834,1.5976271414634176,1.5935631804878077,1.5988183024390275,1.60007953170732,1.5878175804878076,1.5910407219512224,1.593423043902442,1.5911808585365883,1.6013407609756125,1.5698800975609783,1.589359082926832,1.5805304780487834,1.5863461463414663,1.5794093853658566,1.5924420878048808,1.5806005463414663,1.5844543024390272,1.594193795121954,1.5901999024390274,1.5782182243902467,1.5919516097561004,1.5927223609756127,1.5848747121951248,1.5963659121951248,1.575065151219515,1.583823687804881,1.6027421268292712,1.5797597268292711,1.5810910243902467,1.5679882536585394,1.606525814634149,1.5973468682926857,1.5872570341463443,1.5907604487804905,1.5960856390243932,1.576816858536588,1.580880819512198,1.5925121560975637,1.5859257365853685,1.5946142048780516,1.5982577560975637,1.586556351219515,1.583823687804881,1.5997291902439053,1.5967162536585393,1.6002897365853685,1.602812195121954,1.587467239024393,1.5973468682926857,1.595174751219515,1.5880277853658564,1.579059043902442,1.5959455024390272,1.5852250536585395,1.5835434146341492,1.5800400000000028,1.5820019121951248,1.5890087414634173,1.5864162146341492,1.5844543024390272,1.5880978536585395,1.5773073365853687,1.587537307317076,1.5958053658536613,1.5813012292682955,1.586626419512198,1.5831930731707344,1.601831239024393,1.5759059707317102,1.5995890536585395,1.5863461463414663,1.5854352585365883,1.591601268292686,1.5937733853658564,1.5817216390243931,1.5890087414634173,1.5745746731707346,1.6000094634146371,1.5781481560975636,1.6006400780487833,1.5926522926829296,1.5937733853658564,1.5953148878048808,1.5817216390243931,1.589218946341466
42000,1.5846228000000029,1.585717200000003,1.5904368000000029,1.608152400000003,1.5861960000000028,1.5885900000000028,1.5892740000000027,1.5923520000000027,1.601586000000003,1.5905052000000026,1.583049600000003,1.5918732000000029,1.592283600000003,1.578193200000003,1.581955200000003,1.5837336000000026,1.594198800000003,1.594746000000003,1.5851016000000029,1.5879060000000027,1.590231600000003,1.5926940000000027,1.5931728000000027,1.5929676000000028,1.599055200000003,1.5831864000000029,1.586538000000003,1.5861276000000029,1.5907788000000027,1.6006968000000028,1.6000812000000029,1.582639200000003,1.5873588000000027,1.596319200000003,1.6011072000000026,1.5937884000000029,1.5982344000000028,1.587222000000003,1.585306800000003,1.590368400000003,1.5907788000000027,1.5846228000000029,1.591736400000003,1.5907788000000027,1.601312400000003,1.5976872000000026,1.5878376000000027,1.579287600000003,1.5861960000000028,1.5750468000000026,1.5926940000000027,1.5961824000000027,1.602680400000003,1.590710400000003,1.579287600000003,1.577851200000003,1.5915996000000028,1.5949512000000028,1.590300000000003,1.593241200000003,1.588453200000003,1.597755600000003,1.5844176000000028,1.5859908000000027,1.5780564000000026,1.5894792000000029,1.5998760000000027,1.5948144000000029,1.5980976000000027,1.5973452000000028,1.5999444000000027,1.588384800000003,1.6106148000000031,1.5791508000000027,1.5876324000000028,1.606237200000003,1.5938568000000028,1.5885216000000029,1.5779196000000029,1.594404000000003,1.590642000000003,1.5931728000000027,1.5958404000000026,1.5866748000000028,1.5901632000000028,1.586469600000003,1.5856488000000026,1.5828444000000028,1.5954300000000028,1.5820920000000027,1.6035696000000028,1.5935148000000028,1.588453200000003,1.594404000000003,1.6035696000000028,1.578535200000003,1.587564000000003,1.590300000000003,1.5873588000000027,1.6022700000000027
43000,1.58946011162791,1.5980785116279097,1.595940613953491,1.582244706976747,1.5875894511627937,1.5845162232558168,1.5873222139534913,1.6064296744186075,1.5904622511627937,1.5824451348837238,1.5853847441860494,1.5942035720930263,1.5982789395348866,1.583981748837212,1.5973436093023283,1.5948048558139563,1.591998865116282,1.5883911627907006,1.578904241860468,1.585585172093026,1.5845162232558168,1.5891928744186075,1.592466530232561,1.59233291162791,1.5921992930232587,1.5939363348837239,1.5941367627907004,1.591664818604654,1.6004836465116308,1.5880571162790726,1.5829128000000028,1.596475088372096,1.593401860465119,1.6022206883720957,1.5762986790697702,1.5926001488372121,1.5803072372093052,1.5853179348837239,1.5875226418604682,1.5940699534883749,1.5928673860465146,1.5885247813953516,1.6014857860465144,1.599481506976747,1.5901950139534913,1.5831800372093052,1.5901282046511658,1.6016862139534913,1.5970763720930259,1.5965418976744215,1.5887252093023285,1.6065632930232587,1.591664818604654,1.5946044279069798,1.5813761860465145,1.5947380465116308,1.584649841860468,1.5825787534883748,1.5948048558139563,1.589593730232561,1.592466530232561,1.6018198325581423,1.5980117023255842,1.6026215441860492,1.5956065674418631,1.5756973953488398,1.5941367627907004,1.5954061395348866,1.6026883534883751,1.5840485581395376,1.5879903069767471,1.5931346232558168,1.5905958697674447,1.5784365767441888,1.577100390697677,1.5903954418604678,1.5857187906976773,1.5931346232558168,1.5888588279069795,1.5973436093023283,1.5915312000000028,1.591998865116282,1.6005504558139565,1.5933350511627935,1.588591590697677,1.5952725209302356,1.5820442790697704,1.5871217860465143,1.5857856000000028,1.584115367441863,1.574093972093026,1.6012185488372124,1.5955397581395376,1.5754301581395378,1.5845162232558168,1.5921992930232587,1.5857856000000028,1.5903286325581423,1.5859860279069795,1.596141041860468
44000,1.5936205090909121,1.5933593454545483,1.6013248363636392,1.57194392727273,1.5896377636363666,1.5833045454545482,1.5827822181818207,1.5851326909090937,1.6009983818181848,1.5974073818181846,1.6034794363636393,1.5901600909090938,1.5887889818181846,1.5951874909090937,1.5938163818181845,1.5934246363636393,1.5981255818181848,1.5924452727272755,1.58056232727273,1.574882018181821,1.5883972363636392,1.597864418181821,1.5927064363636392,1.5838268727272755,1.597276800000003,1.5933593454545483,1.595122200000003,1.5932940545454575,1.5894418909090937,1.585002109090912,1.6023694909090938,1.5983867454545484,1.58774432727273,1.5814764000000028,1.5980602909090937,1.5901600909090938,1.594991618181821,1.59708092727273,1.592902309090912,1.5895724727272755,1.5808234909090937,1.5917923636363662,1.5863732181818209,1.583565709090912,1.5844797818181846,1.5907477090909121,1.5933593454545483,1.5816069818181846,1.5962974363636393,1.5793870909090937,1.5916617818181846,1.5873525818181846,1.5915964909090938,1.595775109090912,1.5887236909090938,1.5872872909090938,1.5937510909090937,1.5800400000000028,1.59564452727273,1.5846103636363666,1.5810846545454575,1.5832392545454574,1.5902253818181846,1.575665509090912,1.5849368181818209,1.5912047454545484,1.5953833636363663,1.588527818181821,1.593685800000003,1.588593109090912,1.5991702363636393,1.59492632727273,1.5824557636363665,1.598713200000003,1.5803664545454574,1.594338709090912,1.5979297090909121,1.5917270727272754,1.5930328909090938,1.5947304545454575,1.5897683454545484,1.6024347818181848,1.5788647636363666,1.5866996727272755,1.5901600909090938,1.582064018181821,1.589376600000003,1.597995000000003,1.599431400000003,1.5897030545454576,1.5878749090909121,1.5809540727272755,1.5919229454545483,1.5931634727272754,1.5948610363636393,1.603740600000003,1.581933436363639,1.5908782909090937,1.5854591454545484,1.6040670545454576
45000,1.5933825600000027,1.5866155200000027,1.5863601600000028,1.589679840000003,1.5912758400000027,1.598489760000003,1.596446880000003,1.5894244800000028,1.5878923200000028,1.585402560000003,1.5883392000000027,1.596000000000003,1.5898713600000027,1.5859771200000028,1.5842534400000026,1.6066612800000029,1.597021440000003,1.5841257600000027,1.597021440000003,1.612151520000003,1.5886584000000028,1.5841257600000027,1.5937017600000027,1.5873816000000027,1.5857217600000029,1.606533600000003,1.5937656000000027,1.5873177600000028,1.5946593600000027,1.591786560000003,1.596063840000003,1.587956160000003,1.596638400000003,1.5975321600000028,1.594914720000003,1.5818913600000029,1.595616960000003,1.597021440000003,1.5862963200000026,1.591020480000003,1.5907012800000029,1.5958723200000027,1.5903820800000028,1.5926803200000028,1.5777417600000028,1.609342560000003,1.5908289600000027,1.5899352000000029,1.5915950400000027,1.604746080000003,1.5878923200000028,1.5996388800000028,1.5933825600000027,1.595297760000003,1.5890414400000028,1.5889776000000029,1.5926164800000027,1.596446880000003,1.5852110400000028,1.595680800000003,1.5855940800000028,1.5894883200000027,1.5743582400000027,1.5974683200000028,1.593510240000003,1.593574080000003,1.593574080000003,1.5929356800000027,1.5785716800000027,1.594148640000003,1.5861048000000029,1.5958084800000027,1.583934240000003,1.5834235200000029,1.5824659200000026,1.5861686400000028,1.5958084800000027,1.5700809600000027,1.5878923200000028,1.593893280000003,1.5971491200000028,1.5918504000000029,1.598170560000003,1.585019520000003,1.5965107200000028,1.5908928000000027,1.5827212800000028,1.5844449600000028,1.587445440000003,1.5865516800000028,1.5834873600000028,1.591020480000003,1.5993196800000027,1.5872539200000029,1.5890414400000028,1.5922334400000029,1.5971491200000028,1.5785078400000028,1.594723200000003,1.5834873600000028
46000,1.5944040000000028,1.5973392521739158,1.5867848347826117,1.5933423130434812,1.5886584000000028,1.5870346434782636,1.5921557217391331,1.5808518782608725,1.5872844521739158,1.5722334782608725,1.5779790782608722,1.5861603130434812,1.598963008695655,1.5947162608695682,1.593217408695655,1.57629286956522,1.5896576347826115,1.5821633739130463,1.6013986434782637,1.583100156521742,1.5870346434782636,1.597401704347829,1.5786660521739158,1.6039591826086987,1.5879714260869593,1.5839744869565247,1.5861603130434812,1.590282156521742,1.5896576347826115,1.5898449913043509,1.5912189391304377,1.5955281391304377,1.5925304347826115,1.6036469217391334,1.5971518956521769,1.5879089739130463,1.5996499826086985,1.590469513043481,1.5970894434782639,1.5895951826086985,1.588970660869568,1.6021480695652202,1.5870346434782636,1.600336956521742,1.600274504347829,1.590219704347829,1.5934047652173942,1.5872220000000028,1.5981511304347855,1.6037093739130464,1.5864101217391333,1.593154956521742,1.5962151130434812,1.5934672173913071,1.5964024695652204,1.5952158782608723,1.5955905913043507,1.5873469043478288,1.5957154956521769,1.593217408695655,1.590344608695655,1.5847863652173941,1.598838104347829,1.5880338782608723,1.5939043826086985,1.5913438434782636,1.58634766956522,1.5875967130434812,1.6007741217391331,1.5884085913043504,1.58634766956522,1.5782288869565246,1.6021480695652202,1.5914687478260896,1.598963008695655,1.590157252173916,1.580477165217394,1.6012112869565247,1.590219704347829,1.6025227826086983,1.5940917391304377,1.6063948173913074,1.5872844521739158,1.5782288869565246,1.5941541913043507,1.5936545739130463,1.5923430782608725,1.5809767826086984,1.591781008695655,1.600461860869568,1.5851610782608725,1.5948411652173942,1.5862227652173941,1.584349200000003,1.6067695304347855,1.5900948000000028,1.5898449913043509,1.5871595478260898,1.591781008695655,1.5924679826086985
47000,1.5822404425531942,1.5857856000000028,1.59770466382979,1.5873136851063856,1.594098382978726,1.5832795404255346,1.600394093617024,1.5815069617021305,1.5869469446808537,1.5900031148936198,1.5947096170212793,1.5793676425531944,1.5989271319148965,1.590797719148939,1.5976435404255347,1.588536153191492,1.5863357106383005,1.5914700765957477,1.5955042212765986,1.5934260255319177,1.5944040000000028,1.5889640170212793,1.5886584000000028,1.5874359319148965,1.5892085106383007,1.59770466382979,1.5844408851063858,1.5764948425531942,1.5931815319148965,1.5955042212765986,1.5900031148936198,1.5959320851063858,1.602655659574471,1.5916534468085135,1.5707492425531941,1.6008219574468112,1.5864579574468114,1.5914089531914921,1.5953208510638326,1.5851132425531944,1.5862745872340454,1.5959932085106412,1.5860912170212795,1.5874970553191519,1.6056507063829817,1.581445838297875,1.5903698553191516,1.581262468085109,1.589269634042556,1.599843982978726,1.5979491574468114,1.5935482723404284,1.5811402212765986,1.5936093957446837,1.5889028936170242,1.5876804255319177,1.5881082893617051,1.5901253617021307,1.5997217361702156,1.584868748936173,1.5912867063829814,1.5895141276595774,1.5869469446808537,1.5972156765957477,1.5886584000000028,1.6008830808510668,1.5834017872340456,1.5915312000000028,1.5876804255319177,1.5845020085106412,1.5869469446808537,1.5892085106383007,1.5937316425531942,1.5918368170212795,1.5823015659574495,1.599232748936173,1.5933649021276624,1.5973990468085135,1.596910059574471,1.5823015659574495,1.5932426553191519,1.597826910638301,1.5935482723404284,1.602105548936173,1.585418859574471,1.592753668085109,1.594098382978726,1.5881082893617051,1.5920201872340454,1.5815680851063858,1.5873136851063856,1.5719717106383007,1.601310944680854,1.5948929872340454,1.584868748936173,1.5874359319148965,1.582607182978726,1.5827905531914923,1.6058340765957475,1.5879249191489389
48000,1.5870424500000029,1.591351650000003,1.5847681500000028,1.5745936500000028,1.5988329000000028,1.5853068000000028,1.5838105500000028,1.5964987500000027,1.5914115000000029,1.5968578500000028,1.5869826000000027,1.5881197500000028,1.5952419000000027,1.590753150000003,1.597336650000003,1.595601000000003,1.5915910500000028,1.5832120500000029,1.5944040000000028,1.5884788500000029,1.5829726500000028,1.593625950000003,1.578124800000003,1.5914115000000029,1.5984139500000027,1.592668350000003,1.597097250000003,1.5813567000000026,1.587461400000003,1.591770600000003,1.587401550000003,1.5900349500000028,1.585725750000003,1.5879402000000027,1.5894963000000029,1.598054850000003,1.5862644000000028,1.5944638500000028,1.5942244500000027,1.5823143000000028,1.5915312000000028,1.5839901000000027,1.5836310000000027,1.592668350000003,1.5851272500000029,1.5778854000000029,1.6020648000000028,1.5852469500000028,1.589795550000003,1.5884788500000029,1.589675850000003,1.5848280000000028,1.5732171000000028,1.5914115000000029,1.5915910500000028,1.5929077500000026,1.593985050000003,1.5852469500000028,1.6041595500000028,1.5935062500000028,1.5726186000000029,1.5774066000000027,1.5772869000000027,1.5780649500000026,1.593027450000003,1.5985336500000027,1.585067400000003,1.594284300000003,1.5915910500000028,1.595301750000003,1.5911122500000028,1.5915910500000028,1.6041595500000028,1.5838105500000028,1.5944040000000028,1.5885387000000029,1.5872220000000028,1.5822544500000029,1.5884788500000029,1.5769876500000028,1.5924289500000028,1.5841696500000029,1.586025000000003,1.585546200000003,1.5978154500000028,1.5899751000000026,1.6043989500000029,1.591830450000003,1.600568550000003,1.5945237000000028,1.587401550000003,1.5914713500000028,1.5914713500000028,1.5763293000000027,1.5866235000000026,1.602304200000003,1.5871023000000029,1.587760650000003,1.5779452500000029,1.5947631000000029
49000,1.5841440000000029,1.59493165714286,1.5874858285714313,1.5860787428571457,1.5798054857142885,1.5949902857142886,1.5871926857142884,1.5861960000000028,1.5887170285714314,1.590124114285717,1.5837922285714314,1.5817988571428598,1.597921714285717,1.597100914285717,1.593583200000003,1.6033741714285743,1.5892446857142883,1.5961042285714315,1.5996805714285744,1.5860201142857173,1.5922347428571457,1.5966318857142885,1.5883652571428601,1.5855510857142885,1.6088266285714314,1.5867822857142886,1.5834990857142885,1.5975113142857171,1.59780445714286,1.5881893714285742,1.591531200000003,1.596280114285717,1.5905931428571458,1.5834990857142885,1.5890101714285743,1.5875444571428599,1.5775776000000026,1.5920002285714314,1.59452125714286,1.5990942857142887,1.5996219428571459,1.5896550857142886,1.5826782857142885,1.587016800000003,1.5803917714285742,1.5808608000000028,1.5822678857142884,1.5931141714285741,1.5816816000000027,1.5893033142857171,1.59000685714286,1.5816816000000027,1.5989184000000027,1.5876030857142884,1.597628571428574,1.5833818285714314,1.5996805714285744,1.5833232000000028,1.591531200000003,1.5800986285714314,1.5880721142857173,1.5772844571428601,1.5868995428571455,1.5910621714285742,1.596045600000003,1.587427200000003,1.5894205714285743,1.5861373714285742,1.5852579428571456,1.5951661714285743,1.5825610285714315,1.604077714285717,1.5929382857142886,1.5972768000000028,1.5860201142857173,1.5943453714285742,1.588658400000003,1.588892914285717,1.591355314285717,1.593583200000003,1.5806849142857171,1.5912966857142885,1.5949902857142886,1.5844957714285743,1.599328800000003,1.591531200000003,1.585609714285717,1.5930555428571456,1.5947557714285745,1.5937590857142885,1.588951542857146,1.5930555428571456,1.59370045714286,1.5955765714285743,1.5962214857142885,1.5849061714285742,1.5954006857142886,1.5942867428571457,1.58959645714286,1.59698365714286
50000,1.5859005120000027,1.5918184800000028,1.5906693600000028,1.5877965600000028,1.5923355840000026,1.5811891200000028,1.5949785600000028,1.6065272160000028,1.5822807840000028,1.587911472000003,1.588256208000003,1.592680320000003,1.5931974240000029,1.596242592000003,1.5954956640000026,1.593369792000003,1.593657072000003,1.5914737440000029,1.5935996160000028,1.5948061920000027,1.582855344000003,1.587279456000003,1.5951509280000027,1.5877965600000028,1.590841728000003,1.5877965600000028,1.5954956640000026,1.6002645120000027,1.602562752000003,1.604746080000003,1.6045737120000028,1.5907268160000028,1.5852110400000028,1.5811891200000028,1.580959296000003,1.588256208000003,1.5853259520000027,1.6059526560000028,1.5885434880000027,1.6007241600000028,1.593657072000003,1.594576368000003,1.589577696000003,1.601988192000003,1.5846939360000027,1.589864976000003,1.5944040000000028,1.586647440000003,1.5948636480000027,1.5888882240000028,1.592450496000003,1.5961276800000028,1.5983684640000027,1.589347872000003,1.584119376000003,1.601930736000003,1.584751392000003,1.5983684640000027,1.5887733120000027,1.594289088000003,1.589232960000003,1.5913588320000027,1.5840619200000028,1.5949211040000029,1.593369792000003,1.5856132320000027,1.5949211040000029,1.590209712000003,1.5797527200000028,1.593657072000003,1.5821658720000027,1.5859579680000027,1.593025056000003,1.5946912800000028,1.589290416000003,1.5900948000000028,1.5911864640000029,1.581591312000003,1.5975640800000028,1.599747408000003,1.5975640800000028,1.5856706880000027,1.5865899840000028,1.587049632000003,1.604746080000003,1.5855557760000027,1.596587328000003,1.593082512000003,1.599057936000003,1.5960702240000029,1.598713200000003,1.5976215360000028,1.5954956640000026,1.5861877920000027,1.595610576000003,1.5848663040000028,1.5950934720000027,1.586992176000003,1.587049632000003,1.6064697600000029
